claim_id,wi_id,cpu_model_csv,metric,csv_value_int,passmark_name,passmark_id,identity_confidence,path_A_value,path_B_value,observed_value,delta,delta_pct,disposition,confidence,root_cause,samples,stratum_id,cell_id,is_watchlist,watchlist_flags,modifiers,artifact_id_A,fetched_utc,adjudication_id,qa_status
WI-0001-OVR,WI-0001,i9-9900KS,passmark_overall,19345,Intel Core i9-9900KS @ 4.00GHz,3593,1.0,19345,19345,19345,0,0.0,V-EXACT,HIGH,,663,S1,CELL-S1-01,False,,LIVE,ART-feb58e5d867ea5f8,2026-10-06T19:33:30.207173Z,,PASS
WI-0001-ST,WI-0001,i9-9900KS,passmark_single_thread,3025,Intel Core i9-9900KS @ 4.00GHz,3593,1.0,3025,3025,3025,0,0.0,V-EXACT,HIGH,,663,S1,CELL-S1-01,True,VALUE_COLLISION_SINGLE,VALUE_COLLISION_SINGLE|LIVE,ART-feb58e5d867ea5f8,2026-10-06T19:33:30.207173Z,,PASS
WI-0002-OVR,WI-0002,i9-9900KF,passmark_overall,17992,Intel Core i9-9900KF @ 3.60GHz,3435,1.0,17991,17991,17991,-1,0.0056,V-DRIFT,HIGH,RC-1,2706,S1,CELL-S1-01,False,,LIVE,ART-5c87ff422e4d2690,2026-10-06T19:33:32.983396Z,,PASS
WI-0002-ST,WI-0002,i9-9900KF,passmark_single_thread,2899,Intel Core i9-9900KF @ 3.60GHz,3435,1.0,2899,2899,2899,0,0.0,V-EXACT,HIGH,,2706,S1,CELL-S1-01,False,,LIVE,ART-5c87ff422e4d2690,2026-10-06T19:33:32.983396Z,,
WI-0003-OVR,WI-0003,i9-9900,passmark_overall,16276,Intel Core i9-9900 @ 3.10GHz,3487,1.0,16276,16276,16276,0,0.0,V-EXACT,HIGH,,1144,S1,CELL-S1-01,False,,LIVE,ART-a3a14c5390e8076a,2026-10-06T19:33:35.560806Z,,
WI-0003-ST,WI-0003,i9-9900,passmark_single_thread,2796,Intel Core i9-9900 @ 3.10GHz,3487,1.0,2795,2795,2795,-1,0.0358,V-DRIFT,HIGH,RC-1,1144,S1,CELL-S1-01,False,,LIVE,ART-a3a14c5390e8076a,2026-10-06T19:33:35.560806Z,,PASS
WI-0004-OVR,WI-0004,i9-9900T,passmark_overall,13044,Intel Core i9-9900T @ 2.10GHz,3599,1.0,13044,13044,13044,0,0.0,V-EXACT,HIGH,,101,S1,CELL-S1-01,False,,LIVE,ART-99fa77411be32278,2026-10-06T19:33:38.064029Z,,
WI-0004-ST,WI-0004,i9-9900T,passmark_single_thread,2453,Intel Core i9-9900T @ 2.10GHz,3599,1.0,2453,2453,2453,0,0.0,V-EXACT,HIGH,,101,S1,CELL-S1-01,False,,LIVE,ART-99fa77411be32278,2026-10-06T19:33:38.064029Z,,PASS
WI-0005-OVR,WI-0005,i9-10980XE,passmark_overall,31932,Intel Core i9-10980XE @ 3.00GHz,3630,1.0,31932,31932,31932,0,0.0,V-EXACT,HIGH,,1155,S2b,CELL-S2b-01,False,,LIVE,ART-d82bf376d9adf686,2026-10-06T19:33:40.660615Z,,
WI-0005-ST,WI-0005,i9-10980XE,passmark_single_thread,2658,Intel Core i9-10980XE @ 3.00GHz,3630,1.0,2658,2658,2658,0,0.0,V-EXACT,HIGH,,1155,S2b,CELL-S2b-01,False,,LIVE,ART-d82bf376d9adf686,2026-10-06T19:33:40.660615Z,,PASS
WI-0006-OVR,WI-0006,i9-10940X,passmark_overall,27636,Intel Core i9-10940X @ 3.30GHz,3639,1.0,27636,27636,27636,0,0.0,V-EXACT,HIGH,,402,S2b,CELL-S2b-01,False,,LIVE,ART-49d959d16f12a7d6,2026-10-06T19:33:43.227525Z,,
WI-0006-ST,WI-0006,i9-10940X,passmark_single_thread,2662,Intel Core i9-10940X @ 3.30GHz,3639,1.0,2662,2662,2662,0,0.0,V-EXACT,HIGH,,402,S2b,CELL-S2b-01,False,,LIVE,ART-49d959d16f12a7d6,2026-10-06T19:33:43.227525Z,,
WI-0007-OVR,WI-0007,i9-10920X,passmark_overall,25720,Intel Core i9-10920X @ 3.50GHz,3632,1.0,25720,25720,25720,0,0.0,V-EXACT,HIGH,,425,S2b,CELL-S2b-01,False,,LIVE,ART-e53cae27c0e60d74,2026-10-06T19:33:45.785073Z,,
WI-0007-ST,WI-0007,i9-10920X,passmark_single_thread,2705,Intel Core i9-10920X @ 3.50GHz,3632,1.0,2705,2705,2705,0,0.0,V-EXACT,HIGH,,425,S2b,CELL-S2b-01,False,,LIVE,ART-e53cae27c0e60d74,2026-10-06T19:33:45.785073Z,,PASS
WI-0008-OVR,WI-0008,i9-10900X,passmark_overall,22266,Intel Core i9-10900X @ 3.70GHz,3633,1.0,22266,22266,22266,0,0.0,V-EXACT,HIGH,,998,S2b,CELL-S2b-01,False,,LIVE,ART-7eb77d62b8ebac7d,2026-10-06T19:33:48.415982Z,,
WI-0008-ST,WI-0008,i9-10900X,passmark_single_thread,2663,Intel Core i9-10900X @ 3.70GHz,3633,1.0,2663,2663,2663,0,0.0,V-EXACT,HIGH,,998,S2b,CELL-S2b-01,False,,LIVE,ART-7eb77d62b8ebac7d,2026-10-06T19:33:48.415982Z,,
WI-0009-OVR,WI-0009,i7-9700KF,passmark_overall,14244,Intel Core i7-9700KF @ 3.60GHz,3428,1.0,14244,14244,14244,0,0.0,V-EXACT,HIGH,,1335,S1,CELL-S1-01,True,VALUE_COLLISION_OVERALL,VALUE_COLLISION_OVERALL|LIVE,ART-702c866b9ce51212,2026-10-06T19:33:52.037283Z,,PASS
WI-0009-ST,WI-0009,i7-9700KF,passmark_single_thread,2853,Intel Core i7-9700KF @ 3.60GHz,3428,1.0,2852,2852,2852,-1,0.0351,V-DRIFT,HIGH,RC-1,1335,S1,CELL-S1-01,False,,LIVE,ART-702c866b9ce51212,2026-10-06T19:33:52.037283Z,,PASS
WI-0010-OVR,WI-0010,i7-9700F,passmark_overall,13160,Intel Core i7-9700F @ 3.00GHz,3465,1.0,13161,13161,13161,1,0.0076,V-DRIFT,HIGH,RC-1,2057,S1,CELL-S1-02,True,SIBLING_SUFFIX_INVERSION,SIBLING_SUFFIX_INVERSION|LIVE,ART-13cdeee043f6b72e,2026-10-06T19:33:54.592680Z,,PASS
WI-0010-ST,WI-0010,i7-9700F,passmark_single_thread,2734,Intel Core i7-9700F @ 3.00GHz,3465,1.0,2734,2734,2734,0,0.0,V-EXACT,HIGH,,2057,S1,CELL-S1-02,True,SIBLING_SUFFIX_INVERSION,SIBLING_SUFFIX_INVERSION|LIVE,ART-13cdeee043f6b72e,2026-10-06T19:33:54.592680Z,,PASS
WI-0011-OVR,WI-0011,i7-9700,passmark_overall,13172,Intel Core i7-9700 @ 3.00GHz,3477,1.0,13172,13172,13172,0,0.0,V-EXACT,HIGH,,7023,S1,CELL-S1-02,True,SIBLING_SUFFIX_INVERSION,SIBLING_SUFFIX_INVERSION|LIVE,ART-36d2b57bc25cfb71,2026-10-06T19:33:57.207258Z,,PASS
WI-0011-ST,WI-0011,i7-9700,passmark_single_thread,2743,Intel Core i7-9700 @ 3.00GHz,3477,1.0,2743,2743,2743,0,0.0,V-EXACT,HIGH,,7023,S1,CELL-S1-02,True,SIBLING_SUFFIX_INVERSION,SIBLING_SUFFIX_INVERSION|LIVE,ART-36d2b57bc25cfb71,2026-10-06T19:33:57.207258Z,,PASS
WI-0012-OVR,WI-0012,i7-9700T,passmark_overall,10575,Intel Core i7-9700T @ 2.00GHz,3506,1.0,10575,10575,10575,0,0.0,V-EXACT,HIGH,,387,S1,CELL-S1-02,False,,LIVE,ART-12a9b0ffffd351be,2026-10-06T19:33:59.887558Z,,
WI-0012-ST,WI-0012,i7-9700T,passmark_single_thread,2417,Intel Core i7-9700T @ 2.00GHz,3506,1.0,2417,2417,2417,0,0.0,V-EXACT,HIGH,,387,S1,CELL-S1-02,False,,LIVE,ART-12a9b0ffffd351be,2026-10-06T19:33:59.887558Z,,
WI-0013-OVR,WI-0013,i5-9600KF,passmark_overall,10642,Intel Core i5-9600KF @ 3.70GHz,3443,1.0,10642,10642,10642,0,0.0,V-EXACT,HIGH,,1808,S1,CELL-S1-02,False,,LIVE,ART-af4265ee400e0ced,2026-10-06T19:34:02.485782Z,,PASS
WI-0013-ST,WI-0013,i5-9600KF,passmark_single_thread,2709,Intel Core i5-9600KF @ 3.70GHz,3443,1.0,2709,2709,2709,0,0.0,V-EXACT,HIGH,,1808,S1,CELL-S1-02,False,,LIVE,ART-af4265ee400e0ced,2026-10-06T19:34:02.485782Z,,PASS
WI-0014-OVR,WI-0014,i5-9600T,passmark_overall,9571,Intel Core i5-9600T @ 2.30GHz,3602,1.0,9571,9571,9571,0,0.0,V-EXACT,HIGH,,952,S1,CELL-S1-02,False,,LIVE,ART-6cb1be3771981adf,2026-10-06T19:34:05.087090Z,,
WI-0014-ST,WI-0014,i5-9600T,passmark_single_thread,2416,Intel Core i5-9600T @ 2.30GHz,3602,1.0,2416,2416,2416,0,0.0,V-EXACT,HIGH,,952,S1,CELL-S1-02,False,,LIVE,ART-6cb1be3771981adf,2026-10-06T19:34:05.087090Z,,
WI-0015-OVR,WI-0015,i5-9500,passmark_overall,9844,Intel Core i5-9500 @ 3.00GHz,3444,1.0,9845,9845,9845,1,0.0102,V-DRIFT,HIGH,RC-1,2638,S1,CELL-S1-03,False,,LIVE,ART-42ec05377636e629,2026-10-06T19:34:07.573155Z,,PASS
WI-0015-ST,WI-0015,i5-9500,passmark_single_thread,2566,Intel Core i5-9500 @ 3.00GHz,3444,1.0,2566,2566,2566,0,0.0,V-EXACT,HIGH,,2638,S1,CELL-S1-03,False,,LIVE,ART-42ec05377636e629,2026-10-06T19:34:07.573155Z,,
WI-0016-OVR,WI-0016,i5-9500F,passmark_overall,9972,Intel Core i5-9500F @ 3.00GHz,3511,1.0,9972,9972,9972,0,0.0,V-EXACT,HIGH,,130,S1,CELL-S1-03,False,,LIVE,ART-893058db829d1f13,2026-10-06T19:34:10.147377Z,,
WI-0016-ST,WI-0016,i5-9500F,passmark_single_thread,2569,Intel Core i5-9500F @ 3.00GHz,3511,1.0,2569,2569,2569,0,0.0,V-EXACT,HIGH,,130,S1,CELL-S1-03,False,,LIVE,ART-893058db829d1f13,2026-10-06T19:34:10.147377Z,,
WI-0017-OVR,WI-0017,i5-9500T,passmark_overall,8027,Intel Core i5-9500T @ 2.20GHz,3454,1.0,8029,8029,8029,2,0.0249,V-DRIFT,HIGH,RC-1,1105,S1,CELL-S1-03,False,,LIVE,ART-79923391e31d9201,2026-10-06T19:34:12.730968Z,,PASS
WI-0017-ST,WI-0017,i5-9500T,passmark_single_thread,2110,Intel Core i5-9500T @ 2.20GHz,3454,1.0,2110,2110,2110,0,0.0,V-EXACT,HIGH,,1105,S1,CELL-S1-03,False,,LIVE,ART-79923391e31d9201,2026-10-06T19:34:12.730968Z,,
WI-0018-OVR,WI-0018,i5-9400,passmark_overall,9352,Intel Core i5-9400 @ 2.90GHz,3414,1.0,9351,9351,9351,-1,0.0107,V-DRIFT,HIGH,RC-1,3358,S1,CELL-S1-03,False,,LIVE,ART-9ba8c64ca3683737,2026-10-06T19:34:15.339617Z,,PASS
WI-0018-ST,WI-0018,i5-9400,passmark_single_thread,2412,Intel Core i5-9400 @ 2.90GHz,3414,1.0,2412,2412,2412,0,0.0,V-EXACT,HIGH,,3358,S1,CELL-S1-03,False,,LIVE,ART-9ba8c64ca3683737,2026-10-06T19:34:15.339617Z,,
WI-0019-OVR,WI-0019,i5-9400F,passmark_overall,9461,Intel Core i5-9400F @ 2.90GHz,3397,1.0,9462,9462,9462,1,0.0106,V-DRIFT,HIGH,RC-1,9528,S1,CELL-S1-03,False,,LIVE,ART-e55f27813caf6758,2026-10-06T19:34:18.936532Z,,PASS
WI-0019-ST,WI-0019,i5-9400F,passmark_single_thread,2420,Intel Core i5-9400F @ 2.90GHz,3397,1.0,2420,2420,2420,0,0.0,V-EXACT,HIGH,,9528,S1,CELL-S1-03,False,,LIVE,ART-e55f27813caf6758,2026-10-06T19:34:18.936532Z,,
WI-0020-OVR,WI-0020,i5-9400T,passmark_overall,8103,Intel Core i5-9400T @ 1.80GHz,3513,1.0,8103,8103,8103,0,0.0,V-EXACT,HIGH,,467,S1,CELL-S1-04,False,,LIVE,ART-aa5d8ea908cfa219,2026-10-06T19:34:21.506635Z,,
WI-0020-ST,WI-0020,i5-9400T,passmark_single_thread,2059,Intel Core i5-9400T @ 1.80GHz,3513,1.0,2059,2059,2059,0,0.0,V-EXACT,HIGH,,467,S1,CELL-S1-04,False,,LIVE,ART-aa5d8ea908cfa219,2026-10-06T19:34:21.506635Z,,
WI-0021-OVR,WI-0021,i3-9350KF,passmark_overall,7482,Intel Core i3-9350KF @ 4.00GHz,3459,1.0,7482,7482,7482,0,0.0,V-EXACT,HIGH,,76,S1,CELL-S1-04,False,,LIVE,ART-b41a641b92e9f016,2026-10-06T19:34:24.093708Z,,
WI-0021-ST,WI-0021,i3-9350KF,passmark_single_thread,2681,Intel Core i3-9350KF @ 4.00GHz,3459,1.0,2681,2681,2681,0,0.0,V-EXACT,HIGH,,76,S1,CELL-S1-04,True,VALUE_COLLISION_SINGLE,VALUE_COLLISION_SINGLE|LIVE,ART-b41a641b92e9f016,2026-10-06T19:34:24.093708Z,,PASS
WI-0022-OVR,WI-0022,i3-9350K,passmark_overall,7596,Intel Core i3-9350K @ 4.00GHz,3709,1.0,7596,7596,7596,0,0.0,V-EXACT,HIGH,,9,S1,CELL-S1-04,False,,LIVE|LOW_SAMPLES,ART-3a8af56f9e8af352,2026-10-06T19:44:48.807358Z,,
WI-0022-ST,WI-0022,i3-9350K,passmark_single_thread,2731,Intel Core i3-9350K @ 4.00GHz,3709,1.0,2731,2731,2731,0,0.0,V-EXACT,HIGH,,9,S1,CELL-S1-04,False,,LIVE|LOW_SAMPLES,ART-3a8af56f9e8af352,2026-10-06T19:44:48.807358Z,,
WI-0023-OVR,WI-0023,i3-9320,passmark_overall,7358,Intel Core i3-9320 @ 3.70GHz,3539,1.0,7358,7358,7358,0,0.0,V-EXACT,HIGH,,1,S1,CELL-S1-04,False,,LIVE|LOW_SAMPLES,ART-308f073555ea3052,2026-10-06T19:44:51.268357Z,,
WI-0023-ST,WI-0023,i3-9320,passmark_single_thread,2711,Intel Core i3-9320 @ 3.70GHz,3539,1.0,2711,2711,2711,0,0.0,V-EXACT,HIGH,,1,S1,CELL-S1-04,False,,LIVE|LOW_SAMPLES,ART-308f073555ea3052,2026-10-06T19:44:51.268357Z,,PASS
WI-0024-OVR,WI-0024,i3-9300,passmark_overall,7070,Intel Core i3-9300 @ 3.70GHz,3510,1.0,7070,7070,7070,0,0.0,V-EXACT,HIGH,,18,S1,CELL-S1-04,False,,LIVE,ART-f81733ebd4bb349c,2026-10-06T19:44:53.895246Z,,
WI-0024-ST,WI-0024,i3-9300,passmark_single_thread,2533,Intel Core i3-9300 @ 3.70GHz,3510,1.0,2533,2533,2533,0,0.0,V-EXACT,HIGH,,18,S1,CELL-S1-04,False,,LIVE,ART-f81733ebd4bb349c,2026-10-06T19:44:53.895246Z,,
WI-0025-OVR,WI-0025,i3-9300T,passmark_overall,6328,Intel Core i3-9300T @ 3.20GHz,3509,1.0,6328,6328,6328,0,0.0,V-EXACT,HIGH,,34,S1,CELL-S1-05,False,,LIVE,ART-cb6e93b080abc232,2026-10-06T19:34:34.240953Z,,
WI-0025-ST,WI-0025,i3-9300T,passmark_single_thread,2303,Intel Core i3-9300T @ 3.20GHz,3509,1.0,2303,2303,2303,0,0.0,V-EXACT,HIGH,,34,S1,CELL-S1-05,False,,LIVE,ART-cb6e93b080abc232,2026-10-06T19:34:34.240953Z,,PASS
WI-0026-OVR,WI-0026,i3-9100,passmark_overall,6624,Intel Core i3-9100 @ 3.60GHz,3479,1.0,6624,6624,6624,0,0.0,V-EXACT,HIGH,,1326,S1,CELL-S1-05,False,,LIVE,ART-6cc318b8925795d2,2026-10-06T19:34:36.821113Z,,
WI-0026-ST,WI-0026,i3-9100,passmark_single_thread,2467,Intel Core i3-9100 @ 3.60GHz,3479,1.0,2467,2467,2467,0,0.0,V-EXACT,HIGH,,1326,S1,CELL-S1-05,False,,LIVE,ART-6cc318b8925795d2,2026-10-06T19:34:36.821113Z,,PASS
WI-0027-OVR,WI-0027,i3-9100F,passmark_overall,6704,Intel Core i3-9100F @ 3.60GHz,3461,1.0,6704,6704,6704,0,0.0,V-EXACT,HIGH,,3076,S1,CELL-S1-05,True,NEAR_IDENTICAL_OVERALL,NEAR_IDENTICAL_OVERALL|LIVE,ART-abd84a0e16550460,2026-10-06T19:34:39.317084Z,,PASS
WI-0027-ST,WI-0027,i3-9100F,passmark_single_thread,2480,Intel Core i3-9100F @ 3.60GHz,3461,1.0,2480,2480,2480,0,0.0,V-EXACT,HIGH,,3076,S1,CELL-S1-05,False,,LIVE,ART-abd84a0e16550460,2026-10-06T19:34:39.317084Z,,
WI-0028-OVR,WI-0028,i3-9100T,passmark_overall,5633,Intel Core i3-9100T @ 3.10GHz,3488,1.0,5633,5633,5633,0,0.0,V-EXACT,HIGH,,286,S1,CELL-S1-05,False,,LIVE,ART-420c68063a589b44,2026-10-06T19:34:41.822652Z,,PASS
WI-0028-ST,WI-0028,i3-9100T,passmark_single_thread,2116,Intel Core i3-9100T @ 3.10GHz,3488,1.0,2115,2115,2115,-1,0.0473,V-DRIFT,HIGH,RC-1,286,S1,CELL-S1-05,False,,LIVE,ART-420c68063a589b44,2026-10-06T19:34:41.822652Z,,PASS
WI-0029-OVR,WI-0029,Pentium Gold G5620,passmark_overall,4251,Intel Pentium Gold G5620 @ 4.00GHz,3626,1.0,4251,4251,4251,0,0.0,V-EXACT,HIGH,,4,S1p,CELL-S1p-01,False,,LIVE|LOW_SAMPLES,ART-8771492b988ba3e4,2026-10-06T19:44:56.427586Z,,
WI-0029-ST,WI-0029,Pentium Gold G5620,passmark_single_thread,2443,Intel Pentium Gold G5620 @ 4.00GHz,3626,1.0,2443,2443,2443,0,0.0,V-EXACT,HIGH,,4,S1p,CELL-S1p-01,False,,LIVE|LOW_SAMPLES,ART-8771492b988ba3e4,2026-10-06T19:44:56.427586Z,,PASS
WI-0030-OVR,WI-0030,Pentium Gold G5600T,passmark_overall,3496,Intel Pentium Gold G5600T @ 3.30GHz,4716,1.0,3496,3496,3496,0,0.0,V-EXACT,HIGH,,2,S1p,CELL-S1p-01,False,,LIVE|LOW_SAMPLES,ART-a57faa1696209697,2026-10-06T19:44:59.053093Z,,
WI-0030-ST,WI-0030,Pentium Gold G5600T,passmark_single_thread,2000,Intel Pentium Gold G5600T @ 3.30GHz,4716,1.0,2000,2000,2000,0,0.0,V-EXACT,HIGH,,2,S1p,CELL-S1p-01,False,,LIVE|LOW_SAMPLES,ART-a57faa1696209697,2026-10-06T19:44:59.053093Z,,
WI-0031-OVR,WI-0031,Pentium Gold G5420,passmark_overall,3749,Intel Pentium Gold G5420 @ 3.80GHz,3471,1.0,3749,3749,3749,0,0.0,V-EXACT,HIGH,,190,S1p,CELL-S1p-01,False,,LIVE,ART-f283166b28e48de6,2026-10-06T19:34:50.620078Z,,
WI-0031-ST,WI-0031,Pentium Gold G5420,passmark_single_thread,2205,Intel Pentium Gold G5420 @ 3.80GHz,3471,1.0,2205,2205,2205,0,0.0,V-EXACT,HIGH,,190,S1p,CELL-S1p-01,False,,LIVE,ART-f283166b28e48de6,2026-10-06T19:34:50.620078Z,,
WI-0032-OVR,WI-0032,Pentium Gold G5420T,passmark_overall,3330,Intel Pentium Gold G5420T @ 3.20GHz,3589,1.0,3330,3330,3330,0,0.0,V-EXACT,HIGH,,18,S1p,CELL-S1p-01,False,,LIVE,ART-8f7982d6aea51ec6,2026-10-06T19:45:01.693418Z,,
WI-0032-ST,WI-0032,Pentium Gold G5420T,passmark_single_thread,1899,Intel Pentium Gold G5420T @ 3.20GHz,3589,1.0,1899,1899,1899,0,0.0,V-EXACT,HIGH,,18,S1p,CELL-S1p-01,False,,LIVE,ART-8f7982d6aea51ec6,2026-10-06T19:45:01.693418Z,,
WI-0033-OVR,WI-0033,Celeron G4950,passmark_overall,2714,Intel Celeron G4950 @ 3.30GHz,4210,1.0,2714,2714,2714,0,0.0,V-EXACT,HIGH,,1,S1p,CELL-S1p-01,False,,LIVE|LOW_SAMPLES,ART-e73c1a5c37f3511d,2026-10-06T19:45:04.336254Z,,PASS
WI-0033-ST,WI-0033,Celeron G4950,passmark_single_thread,2041,Intel Celeron G4950 @ 3.30GHz,4210,1.0,2041,2041,2041,0,0.0,V-EXACT,HIGH,,1,S1p,CELL-S1p-01,False,,LIVE|LOW_SAMPLES,ART-e73c1a5c37f3511d,2026-10-06T19:45:04.336254Z,,
WI-0034-OVR,WI-0034,Celeron G4930,passmark_overall,2502,Intel Celeron G4930 @ 3.20GHz,3557,1.0,2502,2502,2502,0,0.0,V-EXACT,HIGH,,42,S1p,CELL-S1p-02,False,,LIVE,ART-8484a15a9352e9be,2026-10-06T19:34:58.346555Z,,
WI-0034-ST,WI-0034,Celeron G4930,passmark_single_thread,1896,Intel Celeron G4930 @ 3.20GHz,3557,1.0,1896,1896,1896,0,0.0,V-EXACT,HIGH,,42,S1p,CELL-S1p-02,False,,LIVE,ART-8484a15a9352e9be,2026-10-06T19:34:58.346555Z,,PASS
WI-0035-OVR,WI-0035,Celeron G4930T,passmark_overall,2287,Intel Celeron G4930T @ 3.00GHz,3788,1.0,2287,2287,2287,0,0.0,V-EXACT,HIGH,,13,S1p,CELL-S1p-02,False,,LIVE,ART-408de2037d968a00,2026-10-06T19:45:06.968410Z,,
WI-0035-ST,WI-0035,Celeron G4930T,passmark_single_thread,1773,Intel Celeron G4930T @ 3.00GHz,3788,1.0,1773,1773,1773,0,0.0,V-EXACT,HIGH,,13,S1p,CELL-S1p-02,False,,LIVE,ART-408de2037d968a00,2026-10-06T19:45:06.968410Z,,
WI-0036-OVR,WI-0036,i9-10900K,passmark_overall,22218,Intel Core i9-10900K @ 3.70GHz,3730,1.0,22218,22218,22218,0,0.0,V-EXACT,HIGH,,4759,S2,CELL-S2-01,False,,LIVE,ART-bb223848933765ee,2026-10-06T19:35:03.493978Z,,
WI-0036-ST,WI-0036,i9-10900K,passmark_single_thread,3106,Intel Core i9-10900K @ 3.70GHz,3730,1.0,3106,3106,3106,0,0.0,V-EXACT,HIGH,,4759,S2,CELL-S2-01,False,,LIVE,ART-bb223848933765ee,2026-10-06T19:35:03.493978Z,,PASS
WI-0037-OVR,WI-0037,i9-10900KF,passmark_overall,22132,Intel Core i9-10900KF @ 3.70GHz,3754,1.0,22132,22132,22132,0,0.0,V-EXACT,HIGH,,1715,S2,CELL-S2-01,False,,LIVE,ART-55fe95336de7758f,2026-10-06T19:35:06.056400Z,,PASS
WI-0037-ST,WI-0037,i9-10900KF,passmark_single_thread,3119,Intel Core i9-10900KF @ 3.70GHz,3754,1.0,3119,3119,3119,0,0.0,V-EXACT,HIGH,,1715,S2,CELL-S2-01,False,,LIVE,ART-55fe95336de7758f,2026-10-06T19:35:06.056400Z,,
WI-0038-OVR,WI-0038,i9-10900,passmark_overall,19053,Intel Core i9-10900 @ 2.80GHz,3745,1.0,19053,19053,19053,0,0.0,V-EXACT,HIGH,,1308,S2,CELL-S2-01,False,,LIVE,ART-67290617a1ecb9ce,2026-10-06T19:35:08.542056Z,,
WI-0038-ST,WI-0038,i9-10900,passmark_single_thread,2984,Intel Core i9-10900 @ 2.80GHz,3745,1.0,2984,2984,2984,0,0.0,V-EXACT,HIGH,,1308,S2,CELL-S2-01,True,VALUE_COLLISION_SINGLE,VALUE_COLLISION_SINGLE|LIVE,ART-67290617a1ecb9ce,2026-10-06T19:35:08.542056Z,,PASS
WI-0039-OVR,WI-0039,i9-10900F,passmark_overall,19675,Intel Core i9-10900F @ 2.80GHz,3798,1.0,19675,19675,19675,0,0.0,V-EXACT,HIGH,,881,S2,CELL-S2-01,False,,LIVE,ART-7084b951f0cd08d7,2026-10-06T19:35:11.060109Z,,PASS
WI-0039-ST,WI-0039,i9-10900F,passmark_single_thread,3025,Intel Core i9-10900F @ 2.80GHz,3798,1.0,3025,3025,3025,0,0.0,V-EXACT,HIGH,,881,S2,CELL-S2-01,True,VALUE_COLLISION_SINGLE,VALUE_COLLISION_SINGLE|LIVE,ART-7084b951f0cd08d7,2026-10-06T19:35:11.060109Z,,PASS
WI-0040-OVR,WI-0040,i9-10900T,passmark_overall,14714,Intel Core i9-10900T @ 1.90GHz,3751,1.0,14714,14714,14714,0,0.0,V-EXACT,HIGH,,49,S2,CELL-S2-01,False,,LIVE,ART-64f1a257627dce2a,2026-10-06T19:35:13.635620Z,,
WI-0040-ST,WI-0040,i9-10900T,passmark_single_thread,2519,Intel Core i9-10900T @ 1.90GHz,3751,1.0,2519,2519,2519,0,0.0,V-EXACT,HIGH,,49,S2,CELL-S2-01,False,,LIVE,ART-64f1a257627dce2a,2026-10-06T19:35:13.635620Z,,
WI-0041-OVR,WI-0041,i9-10850K,passmark_overall,21859,Intel Core i9-10850K @ 3.60GHz,3824,1.0,21859,21859,21859,0,0.0,V-EXACT,HIGH,,3858,S2,CELL-S2-02,False,,LIVE,ART-c05db47928fd569c,2026-10-06T19:35:16.217832Z,,
WI-0041-ST,WI-0041,i9-10850K,passmark_single_thread,3066,Intel Core i9-10850K @ 3.60GHz,3824,1.0,3066,3066,3066,0,0.0,V-EXACT,HIGH,,3858,S2,CELL-S2-02,False,,LIVE,ART-c05db47928fd569c,2026-10-06T19:35:16.217832Z,,
WI-0042-OVR,WI-0042,i7-10700K,passmark_overall,18488,Intel Core i7-10700K @ 3.80GHz,3733,1.0,18486,18486,18486,-2,0.0108,V-DRIFT,HIGH,RC-1,8088,S2,CELL-S2-02,False,,LIVE,ART-bc2627549d76aac7,2026-10-06T19:35:18.700423Z,,PASS
WI-0042-ST,WI-0042,i7-10700K,passmark_single_thread,3035,Intel Core i7-10700K @ 3.80GHz,3733,1.0,3035,3035,3035,0,0.0,V-EXACT,HIGH,,8088,S2,CELL-S2-02,False,,LIVE,ART-bc2627549d76aac7,2026-10-06T19:35:18.700423Z,,
WI-0043-OVR,WI-0043,i7-10700KF,passmark_overall,18273,Intel Core i7-10700KF @ 3.80GHz,3757,1.0,18272,18272,18272,-1,0.0055,V-DRIFT,HIGH,RC-1,2077,S2,CELL-S2-02,False,,LIVE,ART-2537857092ae68af,2026-10-06T19:35:21.199334Z,,PASS
WI-0043-ST,WI-0043,i7-10700KF,passmark_single_thread,3021,Intel Core i7-10700KF @ 3.80GHz,3757,1.0,3021,3021,3021,0,0.0,V-EXACT,HIGH,,2077,S2,CELL-S2-02,False,,LIVE,ART-2537857092ae68af,2026-10-06T19:35:21.199334Z,,
WI-0044-OVR,WI-0044,i7-10700,passmark_overall,15972,Intel Core i7-10700 @ 2.90GHz,3747,1.0,15971,15971,15971,-1,0.0063,V-DRIFT,HIGH,RC-1,6480,S2,CELL-S2-02,False,,LIVE,ART-a4cceed5b3a60406,2026-10-06T19:35:23.922627Z,,PASS
WI-0044-ST,WI-0044,i7-10700,passmark_single_thread,2879,Intel Core i7-10700 @ 2.90GHz,3747,1.0,2879,2879,2879,0,0.0,V-EXACT,HIGH,,6480,S2,CELL-S2-02,False,,LIVE,ART-a4cceed5b3a60406,2026-10-06T19:35:23.922627Z,,PASS
WI-0045-OVR,WI-0045,i7-10700F,passmark_overall,16086,Intel Core i7-10700F @ 2.90GHz,3806,1.0,16086,16086,16086,0,0.0,V-EXACT,HIGH,,3256,S2,CELL-S2-02,False,,LIVE,ART-275f9421976f02e0,2026-10-06T19:35:26.733488Z,,PASS
WI-0045-ST,WI-0045,i7-10700F,passmark_single_thread,2870,Intel Core i7-10700F @ 2.90GHz,3806,1.0,2870,2870,2870,0,0.0,V-EXACT,HIGH,,3256,S2,CELL-S2-02,False,,LIVE,ART-275f9421976f02e0,2026-10-06T19:35:26.733488Z,,PASS
WI-0046-OVR,WI-0046,i7-10700T,passmark_overall,12823,Intel Core i7-10700T @ 2.00GHz,3792,1.0,12812,12812,12812,-11,0.0858,V-DRIFT,HIGH,RC-1,479,S2,CELL-S2-03,False,,LIVE,ART-234443431f5ee56f,2026-10-06T19:35:29.326403Z,,PASS
WI-0046-ST,WI-0046,i7-10700T,passmark_single_thread,2567,Intel Core i7-10700T @ 2.00GHz,3792,1.0,2565,2565,2565,-2,0.0779,V-DRIFT,HIGH,RC-1,479,S2,CELL-S2-03,False,,LIVE,ART-234443431f5ee56f,2026-10-06T19:35:29.326403Z,,PASS
WI-0047-OVR,WI-0047,i5-10600K,passmark_overall,14244,Intel Core i5-10600K @ 4.10GHz,3735,1.0,14243,14243,14243,-1,0.007,V-DRIFT,HIGH,RC-1,2288,S2,CELL-S2-03,True,VALUE_COLLISION_OVERALL,VALUE_COLLISION_OVERALL|LIVE,ART-e764fe72bddb86fb,2026-10-06T19:35:31.852234Z,,PASS
WI-0047-ST,WI-0047,i5-10600K,passmark_single_thread,2910,Intel Core i5-10600K @ 4.10GHz,3735,1.0,2910,2910,2910,0,0.0,V-EXACT,HIGH,,2288,S2,CELL-S2-03,False,,LIVE,ART-e764fe72bddb86fb,2026-10-06T19:35:31.852234Z,,
WI-0048-OVR,WI-0048,i5-10600KF,passmark_overall,14110,Intel Core i5-10600KF @ 4.10GHz,3810,1.0,14108,14108,14108,-2,0.0142,V-DRIFT,HIGH,RC-1,1133,S2,CELL-S2-03,False,,LIVE,ART-9d31723dd2c87402,2026-10-06T19:35:34.434633Z,,PASS
WI-0048-ST,WI-0048,i5-10600KF,passmark_single_thread,2905,Intel Core i5-10600KF @ 4.10GHz,3810,1.0,2905,2905,2905,0,0.0,V-EXACT,HIGH,,1133,S2,CELL-S2-03,False,,LIVE,ART-9d31723dd2c87402,2026-10-06T19:35:34.434633Z,,
WI-0049-OVR,WI-0049,i5-10600,passmark_overall,13524,Intel Core i5-10600 @ 3.30GHz,3750,1.0,13524,13524,13524,0,0.0,V-EXACT,HIGH,,721,S2,CELL-S2-03,False,,LIVE,ART-1dcc1dbf0c87c038,2026-10-06T19:35:37.026092Z,,
WI-0049-ST,WI-0049,i5-10600,passmark_single_thread,2907,Intel Core i5-10600 @ 3.30GHz,3750,1.0,2907,2907,2907,0,0.0,V-EXACT,HIGH,,721,S2,CELL-S2-03,False,,LIVE,ART-1dcc1dbf0c87c038,2026-10-06T19:35:37.026092Z,,
WI-0050-OVR,WI-0050,i5-10600T,passmark_overall,11519,Intel Core i5-10600T @ 2.40GHz,3834,1.0,11519,11519,11519,0,0.0,V-EXACT,HIGH,,127,S2,CELL-S2-03,False,,LIVE,ART-2c18861e304a118c,2026-10-06T19:35:39.640790Z,,
WI-0050-ST,WI-0050,i5-10600T,passmark_single_thread,2464,Intel Core i5-10600T @ 2.40GHz,3834,1.0,2464,2464,2464,0,0.0,V-EXACT,HIGH,,127,S2,CELL-S2-03,False,,LIVE,ART-2c18861e304a118c,2026-10-06T19:35:39.640790Z,,
WI-0051-OVR,WI-0051,i5-10500,passmark_overall,12889,Intel Core i5-10500 @ 3.10GHz,3749,1.0,12888,12888,12888,-1,0.0078,V-DRIFT,HIGH,RC-1,2763,S2,CELL-S2-04,False,,LIVE,ART-e1635b08e23f5f61,2026-10-06T19:35:42.243436Z,,PASS
WI-0051-ST,WI-0051,i5-10500,passmark_single_thread,2779,Intel Core i5-10500 @ 3.10GHz,3749,1.0,2780,2780,2780,1,0.036,V-DRIFT,HIGH,RC-1,2763,S2,CELL-S2-04,False,,LIVE,ART-e1635b08e23f5f61,2026-10-06T19:35:42.243436Z,,PASS
WI-0052-OVR,WI-0052,i5-10500T,passmark_overall,10237,Intel Core i5-10500T @ 2.30GHz,3768,1.0,10237,10237,10237,0,0.0,V-EXACT,HIGH,,1123,S2,CELL-S2-04,False,,LIVE,ART-ac0c1940e48d92ed,2026-10-06T19:35:44.849504Z,,
WI-0052-ST,WI-0052,i5-10500T,passmark_single_thread,2284,Intel Core i5-10500T @ 2.30GHz,3768,1.0,2284,2284,2284,0,0.0,V-EXACT,HIGH,,1123,S2,CELL-S2-04,False,,LIVE,ART-ac0c1940e48d92ed,2026-10-06T19:35:44.849504Z,,
WI-0053-OVR,WI-0053,i5-10400,passmark_overall,11962,Intel Core i5-10400 @ 2.90GHz,3737,1.0,11961,11961,11961,-1,0.0084,V-DRIFT,HIGH,RC-1,6194,S2,CELL-S2-04,False,,LIVE,ART-0e182d60ec65c1b8,2026-10-06T19:35:47.353677Z,,PASS
WI-0053-ST,WI-0053,i5-10400,passmark_single_thread,2556,Intel Core i5-10400 @ 2.90GHz,3737,1.0,2556,2556,2556,0,0.0,V-EXACT,HIGH,,6194,S2,CELL-S2-04,False,,LIVE,ART-0e182d60ec65c1b8,2026-10-06T19:35:47.353677Z,,
WI-0054-OVR,WI-0054,i5-10400F,passmark_overall,12091,Intel Core i5-10400F @ 2.90GHz,3767,1.0,12090,12090,12090,-1,0.0083,V-DRIFT,HIGH,RC-1,9468,S2,CELL-S2-04,False,,LIVE,ART-397c6177482d6d4f,2026-10-06T19:35:49.951827Z,,PASS
WI-0054-ST,WI-0054,i5-10400F,passmark_single_thread,2540,Intel Core i5-10400F @ 2.90GHz,3767,1.0,2540,2540,2540,0,0.0,V-EXACT,HIGH,,9468,S2,CELL-S2-04,False,,LIVE,ART-397c6177482d6d4f,2026-10-06T19:35:49.951827Z,,
WI-0055-OVR,WI-0055,i5-10400T,passmark_overall,9778,Intel Core i5-10400T @ 2.00GHz,3826,1.0,9769,9769,9769,-9,0.092,V-DRIFT,HIGH,RC-1,282,S2,CELL-S2-04,False,,LIVE,ART-d2aa2c886872cc5e,2026-10-06T19:35:52.569254Z,,PASS
WI-0055-ST,WI-0055,i5-10400T,passmark_single_thread,2126,Intel Core i5-10400T @ 2.00GHz,3826,1.0,2125,2125,2125,-1,0.047,V-DRIFT,HIGH,RC-1,282,S2,CELL-S2-04,False,,LIVE,ART-d2aa2c886872cc5e,2026-10-06T19:35:52.569254Z,,PASS
WI-0056-OVR,WI-0056,i3-10320,passmark_overall,9937,Intel Core i3-10320 @ 3.80GHz,3890,1.0,9937,9937,9937,0,0.0,V-EXACT,HIGH,,71,S2,CELL-S2-05,False,,LIVE,ART-56da66aafb63e331,2026-10-06T19:35:55.170667Z,,
WI-0056-ST,WI-0056,i3-10320,passmark_single_thread,2824,Intel Core i3-10320 @ 3.80GHz,3890,1.0,2824,2824,2824,0,0.0,V-EXACT,HIGH,,71,S2,CELL-S2-05,False,,LIVE,ART-56da66aafb63e331,2026-10-06T19:35:55.170667Z,,PASS
WI-0057-OVR,WI-0057,i3-10300,passmark_overall,9295,Intel Core i3-10300 @ 3.70GHz,3765,1.0,9295,9295,9295,0,0.0,V-EXACT,HIGH,,77,S2,CELL-S2-05,False,,LIVE,ART-d20bd5b55b694d57,2026-10-06T19:35:57.763114Z,,PASS
WI-0057-ST,WI-0057,i3-10300,passmark_single_thread,2681,Intel Core i3-10300 @ 3.70GHz,3765,1.0,2681,2681,2681,0,0.0,V-EXACT,HIGH,,77,S2,CELL-S2-05,True,VALUE_COLLISION_SINGLE,VALUE_COLLISION_SINGLE|LIVE,ART-d20bd5b55b694d57,2026-10-06T19:35:57.763114Z,,PASS
WI-0058-OVR,WI-0058,i3-10300T,passmark_overall,7876,Intel Core i3-10300T @ 3.00GHz,3838,1.0,7876,7876,7876,0,0.0,V-EXACT,HIGH,,26,S2,CELL-S2-05,False,,LIVE,ART-188b9b858cfea825,2026-10-06T19:36:00.375795Z,,
WI-0058-ST,WI-0058,i3-10300T,passmark_single_thread,2291,Intel Core i3-10300T @ 3.00GHz,3838,1.0,2291,2291,2291,0,0.0,V-EXACT,HIGH,,26,S2,CELL-S2-05,False,,LIVE,ART-188b9b858cfea825,2026-10-06T19:36:00.375795Z,,
WI-0059-OVR,WI-0059,i3-10100,passmark_overall,8473,Intel Core i3-10100 @ 3.60GHz,3717,1.0,8473,8473,8473,0,0.0,V-EXACT,HIGH,,2529,S2,CELL-S2-05,False,,LIVE,ART-9e56e7fba93a9c39,2026-10-06T19:36:03.004406Z,,
WI-0059-ST,WI-0059,i3-10100,passmark_single_thread,2586,Intel Core i3-10100 @ 3.60GHz,3717,1.0,2586,2586,2586,0,0.0,V-EXACT,HIGH,,2529,S2,CELL-S2-05,False,,LIVE,ART-9e56e7fba93a9c39,2026-10-06T19:36:03.004406Z,,
WI-0060-OVR,WI-0060,i3-10100F,passmark_overall,8702,Intel Core i3-10100F @ 3.60GHz,3863,1.0,8702,8702,8702,0,0.0,V-EXACT,HIGH,,2873,S2,CELL-S2-05,False,,LIVE,ART-183befd3a179e388,2026-10-06T19:36:05.627542Z,,PASS
WI-0060-ST,WI-0060,i3-10100F,passmark_single_thread,2579,Intel Core i3-10100F @ 3.60GHz,3863,1.0,2579,2579,2579,0,0.0,V-EXACT,HIGH,,2873,S2,CELL-S2-05,False,,LIVE,ART-183befd3a179e388,2026-10-06T19:36:05.627542Z,,
WI-0061-OVR,WI-0061,i3-10100T,passmark_overall,7343,Intel Core i3-10100T @ 3.00GHz,3796,1.0,7343,7343,7343,0,0.0,V-EXACT,HIGH,,218,S2,CELL-S2-06,False,,LIVE,ART-bbeb7e722d2dcdc2,2026-10-06T19:36:08.240773Z,,
WI-0061-ST,WI-0061,i3-10100T,passmark_single_thread,2254,Intel Core i3-10100T @ 3.00GHz,3796,1.0,2254,2254,2254,0,0.0,V-EXACT,HIGH,,218,S2,CELL-S2-06,False,,LIVE,ART-bbeb7e722d2dcdc2,2026-10-06T19:36:08.240773Z,,
WI-0062-OVR,WI-0062,Pentium Gold G6600,passmark_overall,4223,Intel Pentium Gold G6600 @ 4.20GHz,4168,1.0,4223,4223,4223,0,0.0,V-EXACT,HIGH,,8,UNKNOWN,CELL-UNKNOWN-01,False,,LIVE|LOW_SAMPLES,ART-8f97c3b6b49a9e8e,2026-10-06T19:45:09.629780Z,,
WI-0062-ST,WI-0062,Pentium Gold G6600,passmark_single_thread,2513,Intel Pentium Gold G6600 @ 4.20GHz,4168,1.0,2513,2513,2513,0,0.0,V-EXACT,HIGH,,8,UNKNOWN,CELL-UNKNOWN-01,False,,LIVE|LOW_SAMPLES,ART-8f97c3b6b49a9e8e,2026-10-06T19:45:09.629780Z,,
WI-0063-OVR,WI-0063,Pentium Gold G6500,passmark_overall,4210,Intel Pentium Gold G6500 @ 4.10GHz,3857,1.0,4210,4210,4210,0,0.0,V-EXACT,HIGH,,21,UNKNOWN,CELL-UNKNOWN-01,False,,LIVE,ART-b3ec836dc575833e,2026-10-06T19:36:13.422933Z,,
WI-0063-ST,WI-0063,Pentium Gold G6500,passmark_single_thread,2463,Intel Pentium Gold G6500 @ 4.10GHz,3857,1.0,2463,2463,2463,0,0.0,V-EXACT,HIGH,,21,UNKNOWN,CELL-UNKNOWN-01,False,,LIVE,ART-b3ec836dc575833e,2026-10-06T19:36:13.422933Z,,PASS
WI-0064-OVR,WI-0064,Pentium Gold G6500T,passmark_overall,3764,Intel Pentium Gold G6500T @ 3.50GHz,4182,1.0,3764,3764,3764,0,0.0,V-EXACT,HIGH,,5,UNKNOWN,CELL-UNKNOWN-01,False,,LIVE|LOW_SAMPLES,ART-2cee5d508146f37f,2026-10-06T19:45:12.174904Z,,
WI-0064-ST,WI-0064,Pentium Gold G6500T,passmark_single_thread,2227,Intel Pentium Gold G6500T @ 3.50GHz,4182,1.0,2227,2227,2227,0,0.0,V-EXACT,HIGH,,5,UNKNOWN,CELL-UNKNOWN-01,False,,LIVE|LOW_SAMPLES,ART-2cee5d508146f37f,2026-10-06T19:45:12.174904Z,,
WI-0065-OVR,WI-0065,Pentium Gold G6400,passmark_overall,4065,Intel Pentium Gold G6400 @ 4.00GHz,3805,1.0,4065,4065,4065,0,0.0,V-EXACT,HIGH,,324,UNKNOWN,CELL-UNKNOWN-01,False,,LIVE,ART-f0d9029498d91567,2026-10-06T19:36:18.667745Z,,
WI-0065-ST,WI-0065,Pentium Gold G6400,passmark_single_thread,2430,Intel Pentium Gold G6400 @ 4.00GHz,3805,1.0,2430,2430,2430,0,0.0,V-EXACT,HIGH,,324,UNKNOWN,CELL-UNKNOWN-01,False,,LIVE,ART-f0d9029498d91567,2026-10-06T19:36:18.667745Z,,PASS
WI-0066-OVR,WI-0066,Pentium Gold G6400T,passmark_overall,3565,Intel Pentium Gold G6400T @ 3.40GHz,4308,1.0,3565,3565,3565,0,0.0,V-EXACT,HIGH,,21,UNKNOWN,CELL-UNKNOWN-01,False,,LIVE,ART-0e1ae6ce87f2c70a,2026-10-06T19:45:14.792339Z,,
WI-0066-ST,WI-0066,Pentium Gold G6400T,passmark_single_thread,2102,Intel Pentium Gold G6400T @ 3.40GHz,4308,1.0,2102,2102,2102,0,0.0,V-EXACT,HIGH,,21,UNKNOWN,CELL-UNKNOWN-01,False,,LIVE,ART-0e1ae6ce87f2c70a,2026-10-06T19:45:14.792339Z,,
WI-0067-OVR,WI-0067,Celeron G5920,passmark_overall,2667,Intel Celeron G5920 @ 3.50GHz,3887,1.0,2667,2667,2667,0,0.0,V-EXACT,HIGH,,6,S2p,CELL-S2p-01,False,,LIVE|LOW_SAMPLES,ART-a52c826c4e8ed203,2026-10-06T19:45:17.446995Z,,PASS
WI-0067-ST,WI-0067,Celeron G5920,passmark_single_thread,2141,Intel Celeron G5920 @ 3.50GHz,3887,1.0,2141,2141,2141,0,0.0,V-EXACT,HIGH,,6,S2p,CELL-S2p-01,False,,LIVE|LOW_SAMPLES,ART-a52c826c4e8ed203,2026-10-06T19:45:17.446995Z,,
WI-0068-OVR,WI-0068,Celeron G5900,passmark_overall,2662,Intel Celeron G5900 @ 3.40GHz,3761,1.0,2662,2662,2662,0,0.0,V-EXACT,HIGH,,29,S2p,CELL-S2p-01,False,,LIVE,ART-a54ee7ba90a09952,2026-10-06T19:36:26.340124Z,,
WI-0068-ST,WI-0068,Celeron G5900,passmark_single_thread,2089,Intel Celeron G5900 @ 3.40GHz,3761,1.0,2089,2089,2089,0,0.0,V-EXACT,HIGH,,29,S2p,CELL-S2p-01,False,,LIVE,ART-a54ee7ba90a09952,2026-10-06T19:36:26.340124Z,,
WI-0069-OVR,WI-0069,Celeron G5900T,passmark_overall,2192,Intel Celeron G5900T @ 3.20GHz,4557,1.0,2192,2192,2192,0,0.0,V-EXACT,HIGH,,4,S2p,CELL-S2p-01,False,,LIVE|LOW_SAMPLES,ART-69bddb1684eb4de2,2026-10-06T19:45:19.991510Z,,PASS
WI-0069-ST,WI-0069,Celeron G5900T,passmark_single_thread,1713,Intel Celeron G5900T @ 3.20GHz,4557,1.0,1713,1713,1713,0,0.0,V-EXACT,HIGH,,4,S2p,CELL-S2p-01,False,,LIVE|LOW_SAMPLES,ART-69bddb1684eb4de2,2026-10-06T19:45:19.991510Z,,
WI-0070-OVR,WI-0070,i9-11900K,passmark_overall,24890,Intel Core i9-11900K @ 3.50GHz,3904,1.0,24890,24890,24890,0,0.0,V-EXACT,HIGH,,4796,S3,CELL-S3-01,False,,LIVE,ART-c03876ff19bb64c4,2026-10-06T19:36:31.375786Z,,
WI-0070-ST,WI-0070,i9-11900K,passmark_single_thread,3501,Intel Core i9-11900K @ 3.50GHz,3904,1.0,3501,3501,3501,0,0.0,V-EXACT,HIGH,,4796,S3,CELL-S3-01,False,,LIVE,ART-c03876ff19bb64c4,2026-10-06T19:36:31.375786Z,,
WI-0071-OVR,WI-0071,i9-11900KF,passmark_overall,24494,Intel Core i9-11900KF @ 3.50GHz,4240,1.0,24493,24493,24493,-1,0.0041,V-DRIFT,HIGH,RC-1,1889,S3,CELL-S3-01,False,,LIVE,ART-1ae339dc7d75f123,2026-10-06T19:36:34.041230Z,,PASS
WI-0071-ST,WI-0071,i9-11900KF,passmark_single_thread,3514,Intel Core i9-11900KF @ 3.50GHz,4240,1.0,3514,3514,3514,0,0.0,V-EXACT,HIGH,,1889,S3,CELL-S3-01,False,,LIVE,ART-1ae339dc7d75f123,2026-10-06T19:36:34.041230Z,,
WI-0072-OVR,WI-0072,i9-11900,passmark_overall,22340,Intel Core i9-11900 @ 2.50GHz,4245,1.0,22340,22340,22340,0,0.0,V-EXACT,HIGH,,715,S3,CELL-S3-01,True,SIBLING_SUFFIX_INVERSION,SIBLING_SUFFIX_INVERSION|LIVE,ART-3d4ad11da2459bf0,2026-10-06T19:36:36.576990Z,,PASS
WI-0072-ST,WI-0072,i9-11900,passmark_single_thread,3372,Intel Core i9-11900 @ 2.50GHz,4245,1.0,3372,3372,3372,0,0.0,V-EXACT,HIGH,,715,S3,CELL-S3-01,True,SIBLING_SUFFIX_INVERSION,SIBLING_SUFFIX_INVERSION|LIVE,ART-3d4ad11da2459bf0,2026-10-06T19:36:36.576990Z,,PASS
WI-0073-OVR,WI-0073,i9-11900F,passmark_overall,22027,Intel Core i9-11900F @ 2.50GHz,4267,1.0,22027,22027,22027,0,0.0,V-EXACT,HIGH,,582,S3,CELL-S3-01,True,SIBLING_SUFFIX_INVERSION,SIBLING_SUFFIX_INVERSION|LIVE,ART-a39c243b0545e85d,2026-10-06T19:36:39.168721Z,,PASS
WI-0073-ST,WI-0073,i9-11900F,passmark_single_thread,3418,Intel Core i9-11900F @ 2.50GHz,4267,1.0,3418,3418,3418,0,0.0,V-EXACT,HIGH,,582,S3,CELL-S3-01,True,SIBLING_SUFFIX_INVERSION,SIBLING_SUFFIX_INVERSION|LIVE,ART-a39c243b0545e85d,2026-10-06T19:36:39.168721Z,,PASS
WI-0074-OVR,WI-0074,i9-11900T,passmark_overall,18349,Intel Core i9-11900T @ 1.50GHz,4360,1.0,18349,18349,18349,0,0.0,V-EXACT,HIGH,,51,S3,CELL-S3-01,False,,LIVE,ART-cc43f81579011c8b,2026-10-06T19:36:41.656339Z,,
WI-0074-ST,WI-0074,i9-11900T,passmark_single_thread,3241,Intel Core i9-11900T @ 1.50GHz,4360,1.0,3241,3241,3241,0,0.0,V-EXACT,HIGH,,51,S3,CELL-S3-01,False,,LIVE,ART-cc43f81579011c8b,2026-10-06T19:36:41.656339Z,,PASS
WI-0075-OVR,WI-0075,i9-12900K,passmark_overall,41099,Intel Core i9-12900K,4597,1.0,41099,41099,41099,0,0.0,V-EXACT,HIGH,,11552,S4,CELL-S4-01,False,,LIVE,ART-d87642cd351ac2b5,2026-10-06T19:36:44.147834Z,,
WI-0075-ST,WI-0075,i9-12900K,passmark_single_thread,4128,Intel Core i9-12900K,4597,1.0,4128,4128,4128,0,0.0,V-EXACT,HIGH,,11552,S4,CELL-S4-01,False,,LIVE,ART-d87642cd351ac2b5,2026-10-06T19:36:44.147834Z,,
WI-0076-OVR,WI-0076,i9-12900KF,passmark_overall,40462,Intel Core i9-12900KF,4611,1.0,40462,40462,40462,0,0.0,V-EXACT,HIGH,,3557,S4,CELL-S4-01,False,,LIVE,ART-834b19e9a2c93755,2026-10-06T19:36:46.712718Z,,PASS
WI-0076-ST,WI-0076,i9-12900KF,passmark_single_thread,4118,Intel Core i9-12900KF,4611,1.0,4119,4119,4119,1,0.0243,V-DRIFT,HIGH,RC-1,3557,S4,CELL-S4-01,False,,LIVE,ART-834b19e9a2c93755,2026-10-06T19:36:46.712718Z,,PASS
WI-0077-OVR,WI-0077,i7-11700K,passmark_overall,24313,Intel Core i7-11700K @ 3.60GHz,3896,1.0,24312,24312,24312,-1,0.0041,V-DRIFT,HIGH,RC-1,6279,S3,CELL-S3-02,False,,LIVE,ART-bf376d062dae37c9,2026-10-06T19:36:49.338172Z,,PASS
WI-0077-ST,WI-0077,i7-11700K,passmark_single_thread,3385,Intel Core i7-11700K @ 3.60GHz,3896,1.0,3385,3385,3385,0,0.0,V-EXACT,HIGH,,6279,S3,CELL-S3-02,False,,LIVE,ART-bf376d062dae37c9,2026-10-06T19:36:49.338172Z,,PASS
WI-0078-OVR,WI-0078,i7-11700KF,passmark_overall,23735,Intel Core i7-11700KF @ 3.60GHz,4234,1.0,23733,23733,23733,-2,0.0084,V-DRIFT,HIGH,RC-1,2013,S3,CELL-S3-02,False,,LIVE,ART-8c05e296e1d109c3,2026-10-06T19:36:51.827430Z,,PASS
WI-0078-ST,WI-0078,i7-11700KF,passmark_single_thread,3360,Intel Core i7-11700KF @ 3.60GHz,4234,1.0,3360,3360,3360,0,0.0,V-EXACT,HIGH,,2013,S3,CELL-S3-02,False,,LIVE,ART-8c05e296e1d109c3,2026-10-06T19:36:51.827430Z,,
WI-0079-OVR,WI-0079,i7-11700,passmark_overall,20588,Intel Core i7-11700 @ 2.50GHz,3947,1.0,20587,20587,20587,-1,0.0049,V-DRIFT,HIGH,RC-1,3519,S3,CELL-S3-02,False,,LIVE,ART-0d27f72e03b9635f,2026-10-06T19:36:54.408676Z,,PASS
WI-0079-ST,WI-0079,i7-11700,passmark_single_thread,3256,Intel Core i7-11700 @ 2.50GHz,3947,1.0,3255,3255,3255,-1,0.0307,V-DRIFT,HIGH,RC-1,3519,S3,CELL-S3-02,False,,LIVE,ART-0d27f72e03b9635f,2026-10-06T19:36:54.408676Z,,PASS
WI-0080-OVR,WI-0080,i7-11700F,passmark_overall,20751,Intel Core i7-11700F @ 2.50GHz,4264,1.0,20752,20752,20752,1,0.0048,V-DRIFT,HIGH,RC-1,3026,S3,CELL-S3-02,False,,LIVE,ART-bd2701fa85688c6b,2026-10-06T19:36:56.984164Z,,PASS
WI-0080-ST,WI-0080,i7-11700F,passmark_single_thread,3250,Intel Core i7-11700F @ 2.50GHz,4264,1.0,3253,3253,3253,3,0.0923,V-DRIFT,HIGH,RC-1,3026,S3,CELL-S3-02,False,,LIVE,ART-bd2701fa85688c6b,2026-10-06T19:36:56.984164Z,,PASS
WI-0081-OVR,WI-0081,i7-11700T,passmark_overall,15187,Intel Core i7-11700T @ 1.40GHz,4558,1.0,15196,15196,15196,9,0.0593,V-DRIFT,HIGH,RC-1,156,S3,CELL-S3-02,False,,LIVE,ART-657d2cd3accf0713,2026-10-06T19:36:59.563506Z,,PASS
WI-0081-ST,WI-0081,i7-11700T,passmark_single_thread,2849,Intel Core i7-11700T @ 1.40GHz,4558,1.0,2847,2847,2847,-2,0.0702,V-DRIFT,HIGH,RC-1,156,S3,CELL-S3-02,False,,LIVE,ART-657d2cd3accf0713,2026-10-06T19:36:59.563506Z,,PASS
WI-0082-OVR,WI-0082,i7-12700K,passmark_overall,34240,Intel Core i7-12700K,4609,1.0,34241,34241,34241,1,0.0029,V-DRIFT,HIGH,RC-1,12218,S4,CELL-S4-01,False,,LIVE,ART-6e2ae50a071e96b9,2026-10-06T19:37:02.031246Z,,PASS
WI-0082-ST,WI-0082,i7-12700K,passmark_single_thread,4003,Intel Core i7-12700K,4609,1.0,4003,4003,4003,0,0.0,V-EXACT,HIGH,,12218,S4,CELL-S4-01,False,,LIVE,ART-6e2ae50a071e96b9,2026-10-06T19:37:02.031246Z,,PASS
WI-0083-OVR,WI-0083,i7-12700KF,passmark_overall,33912,Intel Core i7-12700KF,4608,1.0,33910,33910,33910,-2,0.0059,V-DRIFT,HIGH,RC-1,6844,S4,CELL-S4-01,False,,LIVE,ART-b6ebfc5f39f5b520,2026-10-06T19:37:04.588652Z,,PASS
WI-0083-ST,WI-0083,i7-12700KF,passmark_single_thread,3979,Intel Core i7-12700KF,4608,1.0,3979,3979,3979,0,0.0,V-EXACT,HIGH,,6844,S4,CELL-S4-01,False,,LIVE,ART-b6ebfc5f39f5b520,2026-10-06T19:37:04.588652Z,,
WI-0084-OVR,WI-0084,i5-11600K,passmark_overall,19475,Intel Core i5-11600K @ 3.90GHz,4236,1.0,19475,19475,19475,0,0.0,V-EXACT,HIGH,,2713,S3,CELL-S3-03,False,,LIVE,ART-4e20545bdaed5569,2026-10-06T19:37:07.154309Z,,
WI-0084-ST,WI-0084,i5-11600K,passmark_single_thread,3335,Intel Core i5-11600K @ 3.90GHz,4236,1.0,3335,3335,3335,0,0.0,V-EXACT,HIGH,,2713,S3,CELL-S3-03,False,,LIVE,ART-4e20545bdaed5569,2026-10-06T19:37:07.154309Z,,PASS
WI-0085-OVR,WI-0085,i5-11600KF,passmark_overall,19389,Intel Core i5-11600KF @ 3.90GHz,4261,1.0,19384,19384,19384,-5,0.0258,V-DRIFT,HIGH,RC-1,901,S3,CELL-S3-03,False,,LIVE,ART-9080a1da4bd9f978,2026-10-06T19:37:09.764587Z,,PASS
WI-0085-ST,WI-0085,i5-11600KF,passmark_single_thread,3327,Intel Core i5-11600KF @ 3.90GHz,4261,1.0,3326,3326,3326,-1,0.0301,V-DRIFT,HIGH,RC-1,901,S3,CELL-S3-03,False,,LIVE,ART-9080a1da4bd9f978,2026-10-06T19:37:09.764587Z,,PASS
WI-0086-OVR,WI-0086,i5-11600,passmark_overall,17950,Intel Core i5-11600 @ 2.80GHz,4306,1.0,17950,17950,17950,0,0.0,V-EXACT,HIGH,,483,S3,CELL-S3-03,False,,LIVE,ART-fb8694a5d7792451,2026-10-06T19:37:12.378738Z,,
WI-0086-ST,WI-0086,i5-11600,passmark_single_thread,3281,Intel Core i5-11600 @ 2.80GHz,4306,1.0,3281,3281,3281,0,0.0,V-EXACT,HIGH,,483,S3,CELL-S3-03,False,,LIVE,ART-fb8694a5d7792451,2026-10-06T19:37:12.378738Z,,PASS
WI-0087-OVR,WI-0087,i5-11600T,passmark_overall,14649,Intel Core i5-11600T @ 1.70GHz,4607,1.0,14649,14649,14649,0,0.0,V-EXACT,HIGH,,18,S3,CELL-S3-03,True,NEAR_IDENTICAL_OVERALL,NEAR_IDENTICAL_OVERALL|LIVE,ART-2f4450ab7586d09f,2026-10-06T19:45:22.596526Z,,PASS
WI-0087-ST,WI-0087,i5-11600T,passmark_single_thread,2762,Intel Core i5-11600T @ 1.70GHz,4607,1.0,2762,2762,2762,0,0.0,V-EXACT,HIGH,,18,S3,CELL-S3-03,False,,LIVE,ART-2f4450ab7586d09f,2026-10-06T19:45:22.596526Z,,
WI-0088-OVR,WI-0088,i5-11500,passmark_overall,17057,Intel Core i5-11500 @ 2.70GHz,4238,1.0,17057,17057,17057,0,0.0,V-EXACT,HIGH,,856,S3,CELL-S3-03,False,,LIVE,ART-fcb0ac2b43fe309e,2026-10-06T19:37:17.501315Z,,
WI-0088-ST,WI-0088,i5-11500,passmark_single_thread,3131,Intel Core i5-11500 @ 2.70GHz,4238,1.0,3131,3131,3131,0,0.0,V-EXACT,HIGH,,856,S3,CELL-S3-03,False,,LIVE,ART-fcb0ac2b43fe309e,2026-10-06T19:37:17.501315Z,,PASS
WI-0089-OVR,WI-0089,i5-11500T,passmark_overall,12771,Intel Core i5-11500T @ 1.50GHz,4526,1.0,12771,12771,12771,0,0.0,V-EXACT,HIGH,,125,S3,CELL-S3-04,False,,LIVE,ART-e8453dee28b03705,2026-10-06T19:37:20.101366Z,,
WI-0089-ST,WI-0089,i5-11500T,passmark_single_thread,2534,Intel Core i5-11500T @ 1.50GHz,4526,1.0,2534,2534,2534,0,0.0,V-EXACT,HIGH,,125,S3,CELL-S3-04,False,,LIVE,ART-e8453dee28b03705,2026-10-06T19:37:20.101366Z,,
WI-0090-OVR,WI-0090,i5-11400,passmark_overall,16624,Intel Core i5-11400 @ 2.60GHz,4233,1.0,16622,16622,16622,-2,0.012,V-DRIFT,HIGH,RC-1,4419,S3,CELL-S3-04,False,,LIVE,ART-ea1ecd20deddd57a,2026-10-06T19:37:22.721489Z,,PASS
WI-0090-ST,WI-0090,i5-11400,passmark_single_thread,2982,Intel Core i5-11400 @ 2.60GHz,4233,1.0,2982,2982,2982,0,0.0,V-EXACT,HIGH,,4419,S3,CELL-S3-04,False,,LIVE,ART-ea1ecd20deddd57a,2026-10-06T19:37:22.721489Z,,
WI-0091-OVR,WI-0091,i5-11400F,passmark_overall,16867,Intel Core i5-11400F @ 2.60GHz,4226,1.0,16867,16867,16867,0,0.0,V-EXACT,HIGH,,6358,S3,CELL-S3-04,False,,LIVE,ART-abf2711967751016,2026-10-06T19:37:26.242922Z,,
WI-0091-ST,WI-0091,i5-11400F,passmark_single_thread,2979,Intel Core i5-11400F @ 2.60GHz,4226,1.0,2979,2979,2979,0,0.0,V-EXACT,HIGH,,6358,S3,CELL-S3-04,False,,LIVE,ART-abf2711967751016,2026-10-06T19:37:26.242922Z,,
WI-0092-OVR,WI-0092,i5-11400T,passmark_overall,13067,Intel Core i5-11400T @ 1.30GHz,4406,1.0,13067,13067,13067,0,0.0,V-EXACT,HIGH,,105,S3,CELL-S3-04,False,,LIVE,ART-0b98cbc4182f9dd9,2026-10-06T19:37:28.838474Z,,
WI-0092-ST,WI-0092,i5-11400T,passmark_single_thread,2483,Intel Core i5-11400T @ 1.30GHz,4406,1.0,2483,2483,2483,0,0.0,V-EXACT,HIGH,,105,S3,CELL-S3-04,False,,LIVE,ART-0b98cbc4182f9dd9,2026-10-06T19:37:28.838474Z,,
WI-0093-OVR,WI-0093,i5-12600K,passmark_overall,27500,Intel Core i5-12600K,4603,1.0,27500,27500,27500,0,0.0,V-EXACT,HIGH,,7138,S4,CELL-S4-01,True,NEAR_IDENTICAL_OVERALL|SIBLING_SUFFIX_INVERSION,NEAR_IDENTICAL_OVERALL|SIBLING_SUFFIX_INVERSION|LIVE,ART-45d6c442f78c7c99,2026-10-06T19:37:31.359484Z,,PASS
WI-0093-ST,WI-0093,i5-12600K,passmark_single_thread,3917,Intel Core i5-12600K,4603,1.0,3917,3917,3917,0,0.0,V-EXACT,HIGH,,7138,S4,CELL-S4-01,True,VALUE_COLLISION_SINGLE|SIBLING_SUFFIX_INVERSION,VALUE_COLLISION_SINGLE|SIBLING_SUFFIX_INVERSION|LIVE,ART-45d6c442f78c7c99,2026-10-06T19:37:31.359484Z,,PASS
WI-0094-OVR,WI-0094,i5-12600KF,passmark_overall,27501,Intel Core i5-12600KF,4625,1.0,27500,27500,27500,-1,0.0036,V-DRIFT,HIGH,RC-1,4139,S4,CELL-S4-02,True,NEAR_IDENTICAL_OVERALL|SIBLING_SUFFIX_INVERSION,NEAR_IDENTICAL_OVERALL|SIBLING_SUFFIX_INVERSION|LIVE,ART-445922a0091e60ed,2026-10-06T19:37:33.969282Z,,PASS
WI-0094-ST,WI-0094,i5-12600KF,passmark_single_thread,3916,Intel Core i5-12600KF,4625,1.0,3916,3916,3916,0,0.0,V-EXACT,HIGH,,4139,S4,CELL-S4-02,True,SIBLING_SUFFIX_INVERSION,SIBLING_SUFFIX_INVERSION|LIVE,ART-445922a0091e60ed,2026-10-06T19:37:33.969282Z,,PASS
WI-0095-OVR,WI-0095,i3-10325,passmark_overall,10099,Intel Core i3-10325 @ 3.90GHz,4685,1.0,10099,10099,10099,0,0.0,V-EXACT,HIGH,,8,S2,CELL-S2-06,False,,LIVE|LOW_SAMPLES,ART-9644235bbccdfadd,2026-10-06T19:45:25.194556Z,,
WI-0095-ST,WI-0095,i3-10325,passmark_single_thread,2866,Intel Core i3-10325 @ 3.90GHz,4685,1.0,2866,2866,2866,0,0.0,V-EXACT,HIGH,,8,S2,CELL-S2-06,False,,LIVE|LOW_SAMPLES,ART-9644235bbccdfadd,2026-10-06T19:45:25.194556Z,,PASS
WI-0096-OVR,WI-0096,i3-10305,passmark_overall,9210,Intel Core i3-10305 @ 3.80GHz,4369,1.0,9210,9210,9210,0,0.0,V-EXACT,HIGH,,23,S2,CELL-S2-06,False,,LIVE,ART-66208b7f3f8ac4e8,2026-10-06T19:37:39.185581Z,,
WI-0096-ST,WI-0096,i3-10305,passmark_single_thread,2765,Intel Core i3-10305 @ 3.80GHz,4369,1.0,2765,2765,2765,0,0.0,V-EXACT,HIGH,,23,S2,CELL-S2-06,False,,LIVE,ART-66208b7f3f8ac4e8,2026-10-06T19:37:39.185581Z,,
WI-0097-OVR,WI-0097,i3-10305T,passmark_overall,7821,Intel Core i3-10305T @ 3.00GHz,4375,1.0,7821,7821,7821,0,0.0,V-EXACT,HIGH,,7,S2,CELL-S2-06,False,,LIVE|LOW_SAMPLES,ART-15fb280c1f9a7478,2026-10-06T19:45:27.709803Z,,PASS
WI-0097-ST,WI-0097,i3-10305T,passmark_single_thread,2320,Intel Core i3-10305T @ 3.00GHz,4375,1.0,2320,2320,2320,0,0.0,V-EXACT,HIGH,,7,S2,CELL-S2-06,False,,LIVE|LOW_SAMPLES,ART-15fb280c1f9a7478,2026-10-06T19:45:27.709803Z,,
WI-0098-OVR,WI-0098,i3-10105,passmark_overall,8282,Intel Core i3-10105 @ 3.70GHz,4259,1.0,8282,8282,8282,0,0.0,V-EXACT,HIGH,,1194,S2,CELL-S2-06,True,F_VARIANT_ANOMALY,F_VARIANT_ANOMALY|LIVE,ART-409d50b6c4fdca50,2026-10-06T19:37:44.304224Z,,PASS
WI-0098-ST,WI-0098,i3-10105,passmark_single_thread,2607,Intel Core i3-10105 @ 3.70GHz,4259,1.0,2607,2607,2607,0,0.0,V-EXACT,HIGH,,1194,S2,CELL-S2-06,True,F_VARIANT_ANOMALY,F_VARIANT_ANOMALY|LIVE,ART-409d50b6c4fdca50,2026-10-06T19:37:44.304224Z,,PASS
WI-0099-OVR,WI-0099,i3-10105F,passmark_overall,8860,Intel Core i3-10105F @ 3.70GHz,4175,1.0,8860,8860,8860,0,0.0,V-EXACT,HIGH,,1474,S2,CELL-S2-07,True,F_VARIANT_ANOMALY,F_VARIANT_ANOMALY|LIVE,ART-5f2cbbb10455a74c,2026-10-06T19:37:46.859151Z,,PASS
WI-0099-ST,WI-0099,i3-10105F,passmark_single_thread,2644,Intel Core i3-10105F @ 3.70GHz,4175,1.0,2643,2643,2643,-1,0.0378,V-DRIFT,HIGH,RC-1,1474,S2,CELL-S2-07,True,F_VARIANT_ANOMALY,F_VARIANT_ANOMALY|LIVE,ART-5f2cbbb10455a74c,2026-10-06T19:37:46.859151Z,,PASS
WI-0100-OVR,WI-0100,i3-10105T,passmark_overall,7801,Intel Core i3-10105T @ 3.00GHz,4401,1.0,7801,7801,7801,0,0.0,V-EXACT,HIGH,,111,S2,CELL-S2-07,False,,LIVE,ART-aad158d31727a540,2026-10-06T19:37:49.537471Z,,
WI-0100-ST,WI-0100,i3-10105T,passmark_single_thread,2355,Intel Core i3-10105T @ 3.00GHz,4401,1.0,2355,2355,2355,0,0.0,V-EXACT,HIGH,,111,S2,CELL-S2-07,False,,LIVE,ART-aad158d31727a540,2026-10-06T19:37:49.537471Z,,
WI-0101-OVR,WI-0101,Pentium Gold G6605,passmark_overall,4488,Intel Pentium Gold G6605 @ 4.30GHz,4461,1.0,4488,4488,4488,0,0.0,V-EXACT,HIGH,,45,S3p,CELL-S3p-01,False,,LIVE,ART-5daa6ffd8f622940,2026-10-06T19:37:52.156615Z,,
WI-0101-ST,WI-0101,Pentium Gold G6605,passmark_single_thread,2608,Intel Pentium Gold G6605 @ 4.30GHz,4461,1.0,2608,2608,2608,0,0.0,V-EXACT,HIGH,,45,S3p,CELL-S3p-01,False,,LIVE,ART-5daa6ffd8f622940,2026-10-06T19:37:52.156615Z,,PASS
WI-0102-OVR,WI-0102,Pentium Gold G6505,passmark_overall,4371,Intel Pentium Gold G6505 @ 4.20GHz,4467,1.0,4371,4371,4371,0,0.0,V-EXACT,HIGH,,3,S3p,CELL-S3p-01,False,,LIVE|LOW_SAMPLES,ART-4e7a449bd21e7a73,2026-10-06T19:45:30.341085Z,,PASS
WI-0102-ST,WI-0102,Pentium Gold G6505,passmark_single_thread,2649,Intel Pentium Gold G6505 @ 4.20GHz,4467,1.0,2649,2649,2649,0,0.0,V-EXACT,HIGH,,3,S3p,CELL-S3p-01,False,,LIVE|LOW_SAMPLES,ART-4e7a449bd21e7a73,2026-10-06T19:45:30.341085Z,,
WI-0103-OVR,WI-0103,Pentium Gold G6505T,passmark_overall,3698,Intel Pentium Gold G6505T @ 3.60GHz,5120,1.0,3698,3698,3698,0,0.0,V-EXACT,HIGH,,1,S3p,CELL-S3p-01,False,,LIVE|LOW_SAMPLES,ART-a5d969cf1162ce0e,2026-10-06T19:45:32.894873Z,,
WI-0103-ST,WI-0103,Pentium Gold G6505T,passmark_single_thread,2271,Intel Pentium Gold G6505T @ 3.60GHz,5120,1.0,2271,2271,2271,0,0.0,V-EXACT,HIGH,,1,S3p,CELL-S3p-01,False,,LIVE|LOW_SAMPLES,ART-a5d969cf1162ce0e,2026-10-06T19:45:32.894873Z,,
WI-0104-OVR,WI-0104,Pentium Gold G6405,passmark_overall,3852,Intel Pentium Gold G6405 @ 4.10GHz,4367,1.0,3853,3853,3853,1,0.026,V-DRIFT,HIGH,RC-1,359,S3p,CELL-S3p-01,False,,LIVE,ART-240b0fbaf16d79d8,2026-10-06T19:38:00.029795Z,,PASS
WI-0104-ST,WI-0104,Pentium Gold G6405,passmark_single_thread,2297,Intel Pentium Gold G6405 @ 4.10GHz,4367,1.0,2298,2298,2298,1,0.0435,V-DRIFT,HIGH,RC-1,359,S3p,CELL-S3p-01,False,,LIVE,ART-240b0fbaf16d79d8,2026-10-06T19:38:00.029795Z,,PASS
WI-0105-OVR,WI-0105,Pentium Gold G6405T,passmark_overall,3128,Intel Pentium Gold G6405T @ 3.50GHz,4368,1.0,3128,3128,3128,0,0.0,V-EXACT,HIGH,,5,S3p,CELL-S3p-01,False,,LIVE|LOW_SAMPLES,ART-d1ff14b3fb8ed5cb,2026-10-06T19:45:35.543085Z,,
WI-0105-ST,WI-0105,Pentium Gold G6405T,passmark_single_thread,1821,Intel Pentium Gold G6405T @ 3.50GHz,4368,1.0,1821,1821,1821,0,0.0,V-EXACT,HIGH,,5,S3p,CELL-S3p-01,False,,LIVE|LOW_SAMPLES,ART-d1ff14b3fb8ed5cb,2026-10-06T19:45:35.543085Z,,
WI-0106-OVR,WI-0106,Celeron G5925,passmark_overall,2879,Intel Celeron G5925 @ 3.60GHz,4421,1.0,2879,2879,2879,0,0.0,V-EXACT,HIGH,,32,S2p,CELL-S2p-01,False,,LIVE,ART-f517036127ea34cc,2026-10-06T19:38:05.293081Z,,
WI-0106-ST,WI-0106,Celeron G5925,passmark_single_thread,2246,Intel Celeron G5925 @ 3.60GHz,4421,1.0,2246,2246,2246,0,0.0,V-EXACT,HIGH,,32,S2p,CELL-S2p-01,False,,LIVE,ART-f517036127ea34cc,2026-10-06T19:38:05.293081Z,,
WI-0107-OVR,WI-0107,Celeron G5905,passmark_overall,2769,Intel Celeron G5905 @ 3.50GHz,3848,1.0,2769,2769,2769,0,0.0,V-EXACT,HIGH,,223,S2p,CELL-S2p-01,False,,LIVE,ART-765f8cfa8765d0ac,2026-10-06T19:38:07.923498Z,,
WI-0107-ST,WI-0107,Celeron G5905,passmark_single_thread,2149,Intel Celeron G5905 @ 3.50GHz,3848,1.0,2149,2149,2149,0,0.0,V-EXACT,HIGH,,223,S2p,CELL-S2p-01,False,,LIVE,ART-765f8cfa8765d0ac,2026-10-06T19:38:07.923498Z,,PASS
WI-0108-OVR,WI-0108,Celeron G5905T,passmark_overall,2421,Intel Celeron G5905T @ 3.30GHz,4335,1.0,2421,2421,2421,0,0.0,V-EXACT,HIGH,,27,S2p,CELL-S2p-02,False,,LIVE,ART-c942c91408d64f2c,2026-10-06T19:38:10.573235Z,,
WI-0108-ST,WI-0108,Celeron G5905T,passmark_single_thread,1931,Intel Celeron G5905T @ 3.30GHz,4335,1.0,1931,1931,1931,0,0.0,V-EXACT,HIGH,,27,S2p,CELL-S2p-02,False,,LIVE,ART-c942c91408d64f2c,2026-10-06T19:38:10.573235Z,,
WI-0109-OVR,WI-0109,i9-12900KS,passmark_overall,43368,Intel Core i9-12900KS,4813,1.0,43363,43363,43363,-5,0.0115,V-DRIFT,HIGH,RC-1,1454,S4,CELL-S4-02,False,,LIVE,ART-4c411c62d536831e,2026-10-06T19:38:13.047703Z,,PASS
WI-0109-ST,WI-0109,i9-12900KS,passmark_single_thread,4322,Intel Core i9-12900KS,4813,1.0,4322,4322,4322,0,0.0,V-EXACT,HIGH,,1454,S4,CELL-S4-02,True,VALUE_COLLISION_SINGLE,VALUE_COLLISION_SINGLE|LIVE,ART-4c411c62d536831e,2026-10-06T19:38:13.047703Z,,PASS
WI-0110-OVR,WI-0110,i9-12900,passmark_overall,33610,Intel Core i9-12900,4729,1.0,33610,33610,33610,0,0.0,V-EXACT,HIGH,,1039,S4,CELL-S4-02,True,F_VARIANT_ANOMALY,F_VARIANT_ANOMALY|LIVE,ART-347d54f796fbe9ab,2026-10-06T19:38:15.661116Z,,PASS
WI-0110-ST,WI-0110,i9-12900,passmark_single_thread,3995,Intel Core i9-12900,4729,1.0,4002,4002,4002,7,0.1752,V-DRIFT,HIGH,RC-1,1039,S4,CELL-S4-02,True,F_VARIANT_ANOMALY,F_VARIANT_ANOMALY|LIVE,ART-347d54f796fbe9ab,2026-10-06T19:38:15.661116Z,,PASS
WI-0111-OVR,WI-0111,i9-12900F,passmark_overall,35795,Intel Core i9-12900F,4694,1.0,35791,35791,35791,-4,0.0112,V-DRIFT,HIGH,RC-1,502,S4,CELL-S4-02,True,F_VARIANT_ANOMALY,F_VARIANT_ANOMALY|LIVE,ART-32ffbce37eb010fd,2026-10-06T19:38:18.225102Z,,PASS
WI-0111-ST,WI-0111,i9-12900F,passmark_single_thread,4016,Intel Core i9-12900F,4694,1.0,4016,4016,4016,0,0.0,V-EXACT,HIGH,,502,S4,CELL-S4-02,True,VALUE_COLLISION_SINGLE|F_VARIANT_ANOMALY,VALUE_COLLISION_SINGLE|F_VARIANT_ANOMALY|LIVE,ART-32ffbce37eb010fd,2026-10-06T19:38:18.225102Z,,PASS
WI-0112-OVR,WI-0112,i9-12900T,passmark_overall,28964,Intel Core i9-12900T,4710,1.0,28964,28964,28964,0,0.0,V-EXACT,HIGH,,103,S4,CELL-S4-02,False,,LIVE,ART-13f07e5998a2ccd0,2026-10-06T19:38:20.803388Z,,
WI-0112-ST,WI-0112,i9-12900T,passmark_single_thread,3738,Intel Core i9-12900T,4710,1.0,3738,3738,3738,0,0.0,V-EXACT,HIGH,,103,S4,CELL-S4-02,False,,LIVE,ART-13f07e5998a2ccd0,2026-10-06T19:38:20.803388Z,,PASS
WI-0113-OVR,WI-0113,i9-13900K,passmark_overall,58065,Intel Core i9-13900K,5022,1.0,58063,58063,58063,-2,0.0034,V-DRIFT,HIGH,RC-1,12983,S5,CELL-S5-01,True,NEAR_IDENTICAL_OVERALL,NEAR_IDENTICAL_OVERALL|LIVE,ART-8ee06d6cb561f71e,2026-10-06T19:38:23.360104Z,,PASS
WI-0113-ST,WI-0113,i9-13900K,passmark_single_thread,4595,Intel Core i9-13900K,5022,1.0,4595,4595,4595,0,0.0,V-EXACT,HIGH,,12983,S5,CELL-S5-01,False,,LIVE,ART-8ee06d6cb561f71e,2026-10-06T19:38:23.360104Z,,
WI-0114-OVR,WI-0114,i9-13900KF,passmark_overall,57426,Intel Core i9-13900KF,5055,1.0,57426,57426,57426,0,0.0,V-EXACT,HIGH,,4813,S5,CELL-S5-01,False,,LIVE,ART-edc1e8edb48b14a7,2026-10-06T19:38:25.997096Z,,PASS
WI-0114-ST,WI-0114,i9-13900KF,passmark_single_thread,4580,Intel Core i9-13900KF,5055,1.0,4580,4580,4580,0,0.0,V-EXACT,HIGH,,4813,S5,CELL-S5-01,False,,LIVE,ART-edc1e8edb48b14a7,2026-10-06T19:38:25.997096Z,,
WI-0115-OVR,WI-0115,i7-12700,passmark_overall,29756,Intel Core i7-12700,4669,1.0,29755,29755,29755,-1,0.0034,V-DRIFT,HIGH,RC-1,6993,S4,CELL-S4-03,False,,LIVE,ART-b42f838c17df528a,2026-10-06T19:38:28.582674Z,,PASS
WI-0115-ST,WI-0115,i7-12700,passmark_single_thread,3840,Intel Core i7-12700,4669,1.0,3840,3840,3840,0,0.0,V-EXACT,HIGH,,6993,S4,CELL-S4-03,False,,LIVE,ART-b42f838c17df528a,2026-10-06T19:38:28.582674Z,,
WI-0116-OVR,WI-0116,i7-12700F,passmark_overall,30146,Intel Core i7-12700F,4692,1.0,30143,30143,30143,-3,0.01,V-DRIFT,HIGH,RC-1,4505,S4,CELL-S4-03,False,,LIVE,ART-b4eff66edda1b6b2,2026-10-06T19:38:31.156636Z,,PASS
WI-0116-ST,WI-0116,i7-12700F,passmark_single_thread,3842,Intel Core i7-12700F,4692,1.0,3842,3842,3842,0,0.0,V-EXACT,HIGH,,4505,S4,CELL-S4-03,False,,LIVE,ART-b4eff66edda1b6b2,2026-10-06T19:38:31.156636Z,,
WI-0117-OVR,WI-0117,i7-12700T,passmark_overall,21140,Intel Core i7-12700T,4830,1.0,21140,21140,21140,0,0.0,V-EXACT,HIGH,,358,S4,CELL-S4-03,False,,LIVE,ART-f3c35714617151d2,2026-10-06T19:38:33.767747Z,,
WI-0117-ST,WI-0117,i7-12700T,passmark_single_thread,3465,Intel Core i7-12700T,4830,1.0,3563,3563,3563,98,2.8283,V-DRIFT,HIGH,RC-1,358,S4,CELL-S4-03,False,,LIVE,ART-f3c35714617151d2,2026-10-06T19:38:33.767747Z,ADJ-WI-0117-ST-20261006T194748,PASS
WI-0118-OVR,WI-0118,i7-13700K,passmark_overall,45590,Intel Core i7-13700K,5060,1.0,45592,45592,45592,2,0.0044,V-DRIFT,HIGH,RC-1,8432,S5,CELL-S5-01,False,,LIVE,ART-504161c084d59461,2026-10-06T19:38:36.233327Z,,PASS
WI-0118-ST,WI-0118,i7-13700K,passmark_single_thread,4380,Intel Core i7-13700K,5060,1.0,4325,4325,4325,-55,1.2557,V-DRIFT,HIGH,RC-1,8432,S5,CELL-S5-01,False,,LIVE,ART-504161c084d59461,2026-10-06T19:38:36.233327Z,ADJ-WI-0118-ST-20261006T194748,PASS
WI-0119-OVR,WI-0119,i7-13700KF,passmark_overall,45525,Intel Core i7-13700KF,5061,1.0,45525,45525,45525,0,0.0,V-EXACT,HIGH,,4660,S5,CELL-S5-01,False,,LIVE,ART-bb8cd8ab994f169c,2026-10-06T19:38:38.825506Z,,
WI-0119-ST,WI-0119,i7-13700KF,passmark_single_thread,4375,Intel Core i7-13700KF,5061,1.0,4329,4329,4329,-46,1.0514,V-DRIFT,HIGH,RC-1,4660,S5,CELL-S5-01,False,,LIVE,ART-bb8cd8ab994f169c,2026-10-06T19:38:38.825506Z,ADJ-WI-0119-ST-20261006T194748,PASS
WI-0120-OVR,WI-0120,i5-12600,passmark_overall,21279,Intel Core i5-12600,4688,1.0,21281,21281,21281,2,0.0094,V-DRIFT,HIGH,RC-1,677,S4,CELL-S4-03,False,,LIVE,ART-75aea4740ca47582,2026-10-06T19:38:41.400557Z,,PASS
WI-0120-ST,WI-0120,i5-12600,passmark_single_thread,3814,Intel Core i5-12600,4688,1.0,3814,3814,3814,0,0.0,V-EXACT,HIGH,,677,S4,CELL-S4-03,False,,LIVE,ART-75aea4740ca47582,2026-10-06T19:38:41.400557Z,,PASS
WI-0121-OVR,WI-0121,i5-12600T,passmark_overall,17438,Intel Core i5-12600T,4784,1.0,17438,17438,17438,0,0.0,V-EXACT,HIGH,,48,S4,CELL-S4-03,False,,LIVE,ART-fcf602b425cf68a2,2026-10-06T19:38:43.999882Z,,
WI-0121-ST,WI-0121,i5-12600T,passmark_single_thread,3544,Intel Core i5-12600T,4784,1.0,3544,3544,3544,0,0.0,V-EXACT,HIGH,,48,S4,CELL-S4-03,False,,LIVE,ART-fcf602b425cf68a2,2026-10-06T19:38:43.999882Z,,PASS
WI-0122-OVR,WI-0122,i5-12500,passmark_overall,19682,Intel Core i5-12500,4675,1.0,19681,19681,19681,-1,0.0051,V-DRIFT,HIGH,RC-1,1905,S4,CELL-S4-04,False,,LIVE,ART-38f73371dba82fac,2026-10-06T19:38:46.583002Z,,PASS
WI-0122-ST,WI-0122,i5-12500,passmark_single_thread,3645,Intel Core i5-12500,4675,1.0,3644,3644,3644,-1,0.0274,V-DRIFT,HIGH,RC-1,1905,S4,CELL-S4-04,False,,LIVE,ART-38f73371dba82fac,2026-10-06T19:38:46.583002Z,,PASS
WI-0123-OVR,WI-0123,i5-12500T,passmark_overall,16324,Intel Core i5-12500T,4804,1.0,16324,16324,16324,0,0.0,V-EXACT,HIGH,,808,S4,CELL-S4-04,False,,LIVE,ART-94e7b3f0dacb7c28,2026-10-06T19:38:49.250643Z,,
WI-0123-ST,WI-0123,i5-12500T,passmark_single_thread,3440,Intel Core i5-12500T,4804,1.0,3440,3440,3440,0,0.0,V-EXACT,HIGH,,808,S4,CELL-S4-04,False,,LIVE,ART-94e7b3f0dacb7c28,2026-10-06T19:38:49.250643Z,,
WI-0124-OVR,WI-0124,i5-12400,passmark_overall,18824,Intel Core i5-12400,4677,1.0,18824,18824,18824,0,0.0,V-EXACT,HIGH,,6923,S4,CELL-S4-04,False,,LIVE,ART-02ed547cea599545,2026-10-06T19:38:51.833158Z,,
WI-0124-ST,WI-0124,i5-12400,passmark_single_thread,3466,Intel Core i5-12400,4677,1.0,3466,3466,3466,0,0.0,V-EXACT,HIGH,,6923,S4,CELL-S4-04,False,,LIVE,ART-02ed547cea599545,2026-10-06T19:38:51.833158Z,,
WI-0125-OVR,WI-0125,i5-12400F,passmark_overall,19539,Intel Core i5-12400F,4681,1.0,19538,19538,19538,-1,0.0051,V-DRIFT,HIGH,RC-1,17870,S4,CELL-S4-04,False,,LIVE,ART-054f37bb6f0d8c0c,2026-10-06T19:38:54.389605Z,,PASS
WI-0125-ST,WI-0125,i5-12400F,passmark_single_thread,3485,Intel Core i5-12400F,4681,1.0,3485,3485,3485,0,0.0,V-EXACT,HIGH,,17870,S4,CELL-S4-04,False,,LIVE,ART-054f37bb6f0d8c0c,2026-10-06T19:38:54.389605Z,,
WI-0126-OVR,WI-0126,i5-12400T,passmark_overall,15558,Intel Core i5-12400T,4980,1.0,15558,15558,15558,0,0.0,V-EXACT,HIGH,,220,S4,CELL-S4-04,False,,LIVE,ART-36a5134471b78c59,2026-10-06T19:38:56.900245Z,,
WI-0126-ST,WI-0126,i5-12400T,passmark_single_thread,3333,Intel Core i5-12400T,4980,1.0,3333,3333,3333,0,0.0,V-EXACT,HIGH,,220,S4,CELL-S4-04,False,,LIVE,ART-36a5134471b78c59,2026-10-06T19:38:56.900245Z,,
WI-0127-OVR,WI-0127,i5-13600K,passmark_overall,37441,Intel Core i5-13600K,5008,1.0,37439,37439,37439,-2,0.0053,V-DRIFT,HIGH,RC-1,5200,S5,CELL-S5-01,False,,LIVE,ART-0cc57978f2d1c429,2026-10-06T19:38:59.465097Z,,PASS
WI-0127-ST,WI-0127,i5-13600K,passmark_single_thread,4110,Intel Core i5-13600K,5008,1.0,4110,4110,4110,0,0.0,V-EXACT,HIGH,,5200,S5,CELL-S5-01,False,,LIVE,ART-0cc57978f2d1c429,2026-10-06T19:38:59.465097Z,,
WI-0128-OVR,WI-0128,i5-13600KF,passmark_overall,37304,Intel Core i5-13600KF,5059,1.0,37305,37305,37305,1,0.0027,V-DRIFT,HIGH,RC-1,4608,S5,CELL-S5-02,False,,LIVE,ART-30ac2029756ff0d3,2026-10-06T19:39:01.950029Z,,PASS
WI-0128-ST,WI-0128,i5-13600KF,passmark_single_thread,4111,Intel Core i5-13600KF,5059,1.0,4111,4111,4111,0,0.0,V-EXACT,HIGH,,4608,S5,CELL-S5-02,False,,LIVE,ART-30ac2029756ff0d3,2026-10-06T19:39:01.950029Z,,
WI-0129-OVR,WI-0129,i3-12300,passmark_overall,14382,Intel Core i3-12300,4746,1.0,14382,14382,14382,0,0.0,V-EXACT,HIGH,,53,S4,CELL-S4-05,False,,LIVE,ART-c0509f2b9841343c,2026-10-06T19:39:04.579033Z,,
WI-0129-ST,WI-0129,i3-12300,passmark_single_thread,3556,Intel Core i3-12300,4746,1.0,3556,3556,3556,0,0.0,V-EXACT,HIGH,,53,S4,CELL-S4-05,False,,LIVE,ART-c0509f2b9841343c,2026-10-06T19:39:04.579033Z,,
WI-0130-OVR,WI-0130,i3-12300T,passmark_overall,13077,Intel Core i3-12300T,5109,1.0,13077,13077,13077,0,0.0,V-EXACT,HIGH,,25,S4,CELL-S4-05,False,,LIVE,ART-94af96e01af87662,2026-10-06T19:39:07.160154Z,,
WI-0130-ST,WI-0130,i3-12300T,passmark_single_thread,3363,Intel Core i3-12300T,5109,1.0,3363,3363,3363,0,0.0,V-EXACT,HIGH,,25,S4,CELL-S4-05,False,,LIVE,ART-94af96e01af87662,2026-10-06T19:39:07.160154Z,,
WI-0131-OVR,WI-0131,i3-12100,passmark_overall,12523,Intel Core i3-12100,4687,1.0,12523,12523,12523,0,0.0,V-EXACT,HIGH,,3192,S4,CELL-S4-05,True,F_VARIANT_ANOMALY,F_VARIANT_ANOMALY|LIVE,ART-1538184a4f178bed,2026-10-06T19:39:09.749200Z,,PASS
WI-0131-ST,WI-0131,i3-12100,passmark_single_thread,3244,Intel Core i3-12100,4687,1.0,3243,3243,3243,-1,0.0308,V-DRIFT,HIGH,RC-1,3192,S4,CELL-S4-05,True,F_VARIANT_ANOMALY,F_VARIANT_ANOMALY|LIVE,ART-1538184a4f178bed,2026-10-06T19:39:09.749200Z,,PASS
WI-0132-OVR,WI-0132,i3-12100F,passmark_overall,13954,Intel Core i3-12100F,4670,1.0,13954,13954,13954,0,0.0,V-EXACT,HIGH,,4078,S4,CELL-S4-05,True,F_VARIANT_ANOMALY,F_VARIANT_ANOMALY|LIVE,ART-e336e2e8fe31e5d9,2026-10-06T19:39:12.336195Z,,PASS
WI-0132-ST,WI-0132,i3-12100F,passmark_single_thread,3432,Intel Core i3-12100F,4670,1.0,3432,3432,3432,0,0.0,V-EXACT,HIGH,,4078,S4,CELL-S4-05,True,F_VARIANT_ANOMALY,F_VARIANT_ANOMALY|LIVE,ART-e336e2e8fe31e5d9,2026-10-06T19:39:12.336195Z,,PASS
WI-0133-OVR,WI-0133,i3-12100T,passmark_overall,12349,Intel Core i3-12100T,4802,1.0,12349,12349,12349,0,0.0,V-EXACT,HIGH,,146,S4,CELL-S4-05,False,,LIVE,ART-c642ed824db3a6ce,2026-10-06T19:39:14.837391Z,,PASS
WI-0133-ST,WI-0133,i3-12100T,passmark_single_thread,3216,Intel Core i3-12100T,4802,1.0,3216,3216,3216,0,0.0,V-EXACT,HIGH,,146,S4,CELL-S4-05,False,,LIVE,ART-c642ed824db3a6ce,2026-10-06T19:39:14.837391Z,,
WI-0134-OVR,WI-0134,Pentium Gold G7400,passmark_overall,6707,Intel Pentium Gold G7400,4732,1.0,6707,6707,6707,0,0.0,V-EXACT,HIGH,,182,S4p,CELL-S4p-01,True,NEAR_IDENTICAL_OVERALL,NEAR_IDENTICAL_OVERALL|LIVE,ART-59c15b1ed8f9bf0e,2026-10-06T19:39:17.424441Z,,PASS
WI-0134-ST,WI-0134,Pentium Gold G7400,passmark_single_thread,2984,Intel Pentium Gold G7400,4732,1.0,2984,2984,2984,0,0.0,V-EXACT,HIGH,,182,S4p,CELL-S4p-01,True,VALUE_COLLISION_SINGLE,VALUE_COLLISION_SINGLE|LIVE,ART-59c15b1ed8f9bf0e,2026-10-06T19:39:17.424441Z,,PASS
WI-0135-OVR,WI-0135,Pentium Gold G7400T,passmark_overall,5274,Intel Pentium Gold G7400T,4882,1.0,5274,5274,5274,0,0.0,V-EXACT,HIGH,,29,S4p,CELL-S4p-01,False,,LIVE,ART-becfbdefab2a3c9d,2026-10-06T19:39:20.045523Z,,PASS
WI-0135-ST,WI-0135,Pentium Gold G7400T,passmark_single_thread,2348,Intel Pentium Gold G7400T,4882,1.0,2348,2348,2348,0,0.0,V-EXACT,HIGH,,29,S4p,CELL-S4p-01,False,,LIVE,ART-becfbdefab2a3c9d,2026-10-06T19:39:20.045523Z,,PASS
WI-0136-OVR,WI-0136,Celeron G6900,passmark_overall,4475,Intel Celeron G6900,4709,1.0,4472,4472,4472,-3,0.067,V-DRIFT,HIGH,RC-1,156,S4p,CELL-S4p-01,False,,LIVE,ART-00fd18f87f87f720,2026-10-06T19:39:22.647515Z,,PASS
WI-0136-ST,WI-0136,Celeron G6900,passmark_single_thread,2669,Intel Celeron G6900,4709,1.0,2666,2666,2666,-3,0.1124,V-DRIFT,HIGH,RC-1,156,S4p,CELL-S4p-01,False,,LIVE,ART-00fd18f87f87f720,2026-10-06T19:39:22.647515Z,,PASS
WI-0137-OVR,WI-0137,Celeron G6900T,passmark_overall,3668,Intel Celeron G6900T,4927,1.0,3668,3668,3668,0,0.0,V-EXACT,HIGH,,16,S4p,CELL-S4p-01,False,,LIVE,ART-0827e5d5066eb74e,2026-10-06T19:45:38.172703Z,,
WI-0137-ST,WI-0137,Celeron G6900T,passmark_single_thread,2280,Intel Celeron G6900T,4927,1.0,2280,2280,2280,0,0.0,V-EXACT,HIGH,,16,S4p,CELL-S4p-01,False,,LIVE,ART-0827e5d5066eb74e,2026-10-06T19:45:38.172703Z,,
WI-0138-OVR,WI-0138,i9-13900KS,passmark_overall,60385,Intel Core i9-13900KS,5160,1.0,60385,60385,60385,0,0.0,V-EXACT,HIGH,,1648,S5,CELL-S5-02,False,,LIVE,ART-27fc24cde62ba84e,2026-10-06T19:39:27.876054Z,,
WI-0138-ST,WI-0138,i9-13900KS,passmark_single_thread,4715,Intel Core i9-13900KS,5160,1.0,4715,4715,4715,0,0.0,V-EXACT,HIGH,,1648,S5,CELL-S5-02,False,,LIVE,ART-27fc24cde62ba84e,2026-10-06T19:39:27.876054Z,,
WI-0139-OVR,WI-0139,i9-13900,passmark_overall,44552,Intel Core i9-13900,5176,1.0,44552,44552,44552,0,0.0,V-EXACT,HIGH,,849,S5,CELL-S5-02,True,F_VARIANT_ANOMALY,F_VARIANT_ANOMALY|LIVE,ART-321835176bc6cf31,2026-10-06T19:39:30.302735Z,,PASS
WI-0139-ST,WI-0139,i9-13900,passmark_single_thread,4350,Intel Core i9-13900,5176,1.0,4281,4281,4281,-69,1.5862,V-DRIFT,HIGH,RC-1,849,S5,CELL-S5-02,True,F_VARIANT_ANOMALY,F_VARIANT_ANOMALY|LIVE,ART-321835176bc6cf31,2026-10-06T19:39:30.302735Z,ADJ-WI-0139-ST-20261006T194748,PASS
WI-0140-OVR,WI-0140,i9-13900F,passmark_overall,48071,Intel Core i9-13900F,5143,1.0,48071,48071,48071,0,0.0,V-EXACT,HIGH,,509,S5,CELL-S5-02,True,F_VARIANT_ANOMALY,F_VARIANT_ANOMALY|LIVE,ART-e7ad9af1eb255da2,2026-10-06T19:39:32.828158Z,,PASS
WI-0140-ST,WI-0140,i9-13900F,passmark_single_thread,4398,Intel Core i9-13900F,5143,1.0,4398,4398,4398,0,0.0,V-EXACT,HIGH,,509,S5,CELL-S5-02,True,F_VARIANT_ANOMALY,F_VARIANT_ANOMALY|LIVE,ART-e7ad9af1eb255da2,2026-10-06T19:39:32.828158Z,,PASS
WI-0141-OVR,WI-0141,i9-13900T,passmark_overall,42839,Intel Core i9-13900T,5154,1.0,42839,42839,42839,0,0.0,V-EXACT,HIGH,,172,S5,CELL-S5-02,False,,LIVE,ART-0d606e32ae436aa1,2026-10-06T19:39:35.472438Z,,PASS
WI-0141-ST,WI-0141,i9-13900T,passmark_single_thread,4050,Intel Core i9-13900T,5154,1.0,4168,4168,4168,118,2.9136,V-DRIFT,HIGH,RC-1,172,S5,CELL-S5-02,False,,LIVE,ART-0d606e32ae436aa1,2026-10-06T19:39:35.472438Z,ADJ-WI-0141-ST-20261006T194748,PASS
WI-0142-OVR,WI-0142,i9-14900K,passmark_overall,58196,Intel Core i9-14900K,5717,1.0,58193,58193,58193,-3,0.0052,V-DRIFT,HIGH,RC-1,13752,S6,CELL-S6-01,False,,LIVE,ART-b8f9ed6918d4a6e5,2026-10-06T19:39:38.029465Z,,PASS
WI-0142-ST,WI-0142,i9-14900K,passmark_single_thread,4690,Intel Core i9-14900K,5717,1.0,4690,4690,4690,0,0.0,V-EXACT,HIGH,,13752,S6,CELL-S6-01,False,,LIVE,ART-b8f9ed6918d4a6e5,2026-10-06T19:39:38.029465Z,,
WI-0143-OVR,WI-0143,i9-14900KF,passmark_overall,58064,Intel Core i9-14900KF,5684,1.0,58064,58064,58064,0,0.0,V-EXACT,HIGH,,7683,S6,CELL-S6-01,True,NEAR_IDENTICAL_OVERALL,NEAR_IDENTICAL_OVERALL|LIVE,ART-c5fb705686c1411a,2026-10-06T19:39:40.588761Z,,PASS
WI-0143-ST,WI-0143,i9-14900KF,passmark_single_thread,4687,Intel Core i9-14900KF,5684,1.0,4687,4687,4687,0,0.0,V-EXACT,HIGH,,7683,S6,CELL-S6-01,False,,LIVE,ART-c5fb705686c1411a,2026-10-06T19:39:40.588761Z,,
WI-0144-OVR,WI-0144,i7-13700,passmark_overall,35839,Intel Core i7-13700,4992,1.0,35839,35839,35839,0,0.0,V-EXACT,HIGH,,2776,S5,CELL-S5-03,True,F_VARIANT_ANOMALY,F_VARIANT_ANOMALY|LIVE,ART-5adda91e694e819c,2026-10-06T19:39:43.066928Z,,PASS
WI-0144-ST,WI-0144,i7-13700,passmark_single_thread,4091,Intel Core i7-13700,4992,1.0,4091,4091,4091,0,0.0,V-EXACT,HIGH,,2776,S5,CELL-S5-03,True,F_VARIANT_ANOMALY,F_VARIANT_ANOMALY|LIVE,ART-5adda91e694e819c,2026-10-06T19:39:43.066928Z,,PASS
WI-0145-OVR,WI-0145,i7-13700F,passmark_overall,37739,Intel Core i7-13700F,5163,1.0,37738,37738,37738,-1,0.0026,V-DRIFT,HIGH,RC-1,2884,S5,CELL-S5-03,True,F_VARIANT_ANOMALY,F_VARIANT_ANOMALY|LIVE,ART-20388c269d4b941c,2026-10-06T19:39:45.636678Z,,PASS
WI-0145-ST,WI-0145,i7-13700F,passmark_single_thread,4140,Intel Core i7-13700F,5163,1.0,4118,4118,4118,-22,0.5314,V-DRIFT,HIGH,RC-1,2884,S5,CELL-S5-03,True,F_VARIANT_ANOMALY,F_VARIANT_ANOMALY|LIVE,ART-20388c269d4b941c,2026-10-06T19:39:45.636678Z,,PASS
WI-0146-OVR,WI-0146,i7-13700T,passmark_overall,27224,Intel Core i7-13700T,5223,1.0,27224,27224,27224,0,0.0,V-EXACT,HIGH,,308,S5,CELL-S5-03,False,,LIVE,ART-1c1a6e9e828b392b,2026-10-06T19:39:48.217730Z,,
WI-0146-ST,WI-0146,i7-13700T,passmark_single_thread,3804,Intel Core i7-13700T,5223,1.0,3804,3804,3804,0,0.0,V-EXACT,HIGH,,308,S5,CELL-S5-03,False,,LIVE,ART-1c1a6e9e828b392b,2026-10-06T19:39:48.217730Z,,
WI-0147-OVR,WI-0147,i7-14700K,passmark_overall,51919,Intel Core i7-14700K,5719,1.0,51920,51920,51920,1,0.0019,V-DRIFT,HIGH,RC-1,8858,S6,CELL-S6-01,True,SIBLING_SUFFIX_INVERSION,SIBLING_SUFFIX_INVERSION|LIVE,ART-7aeb0858bf2b2eb6,2026-10-06T19:39:50.699976Z,,PASS
WI-0147-ST,WI-0147,i7-14700K,passmark_single_thread,4454,Intel Core i7-14700K,5719,1.0,4454,4454,4454,0,0.0,V-EXACT,HIGH,,8858,S6,CELL-S6-01,True,SIBLING_SUFFIX_INVERSION,SIBLING_SUFFIX_INVERSION|LIVE,ART-7aeb0858bf2b2eb6,2026-10-06T19:39:50.699976Z,,PASS
WI-0148-OVR,WI-0148,i7-14700KF,passmark_overall,51925,Intel Core i7-14700KF,5723,1.0,51927,51927,51927,2,0.0039,V-DRIFT,HIGH,RC-1,6689,S6,CELL-S6-01,True,SIBLING_SUFFIX_INVERSION,SIBLING_SUFFIX_INVERSION|LIVE,ART-8f632845760504d3,2026-10-06T19:39:53.195340Z,,PASS
WI-0148-ST,WI-0148,i7-14700KF,passmark_single_thread,4450,Intel Core i7-14700KF,5723,1.0,4466,4466,4466,16,0.3596,V-DRIFT,HIGH,RC-1,6689,S6,CELL-S6-01,True,SIBLING_SUFFIX_INVERSION,SIBLING_SUFFIX_INVERSION|LIVE,ART-8f632845760504d3,2026-10-06T19:39:53.195340Z,,PASS
WI-0149-OVR,WI-0149,i5-13600,passmark_overall,31048,Intel Core i5-13600,5159,1.0,31048,31048,31048,0,0.0,V-EXACT,HIGH,,156,S5,CELL-S5-03,False,,LIVE,ART-4f920359093c21df,2026-10-06T19:39:55.762826Z,,PASS
WI-0149-ST,WI-0149,i5-13600,passmark_single_thread,4021,Intel Core i5-13600,5159,1.0,4021,4021,4021,0,0.0,V-EXACT,HIGH,,156,S5,CELL-S5-03,False,,LIVE,ART-4f920359093c21df,2026-10-06T19:39:55.762826Z,,
WI-0150-OVR,WI-0150,i5-13600T,passmark_overall,27716,Intel Core i5-13600T,5175,1.0,27716,27716,27716,0,0.0,V-EXACT,HIGH,,106,S5,CELL-S5-03,False,,LIVE,ART-25ebd7da11b3428d,2026-10-06T19:39:58.242618Z,,
WI-0150-ST,WI-0150,i5-13600T,passmark_single_thread,3767,Intel Core i5-13600T,5175,1.0,3767,3767,3767,0,0.0,V-EXACT,HIGH,,106,S5,CELL-S5-03,False,,LIVE,ART-25ebd7da11b3428d,2026-10-06T19:39:58.242618Z,,PASS
WI-0151-OVR,WI-0151,i5-13500,passmark_overall,30729,Intel Core i5-13500,4993,1.0,30729,30729,30729,0,0.0,V-EXACT,HIGH,,3312,S5,CELL-S5-04,False,,LIVE,ART-a0d92b469468ec0d,2026-10-06T19:40:00.830612Z,,
WI-0151-ST,WI-0151,i5-13500,passmark_single_thread,3853,Intel Core i5-13500,4993,1.0,3853,3853,3853,0,0.0,V-EXACT,HIGH,,3312,S5,CELL-S5-04,False,,LIVE,ART-a0d92b469468ec0d,2026-10-06T19:40:00.830612Z,,
WI-0152-OVR,WI-0152,i5-13500T,passmark_overall,22436,Intel Core i5-13500T,5239,1.0,22437,22437,22437,1,0.0045,V-DRIFT,HIGH,RC-1,593,S5,CELL-S5-04,False,,LIVE,ART-e6735b9b7244272f,2026-10-06T19:40:03.417398Z,,PASS
WI-0152-ST,WI-0152,i5-13500T,passmark_single_thread,3550,Intel Core i5-13500T,5239,1.0,3578,3578,3578,28,0.7887,V-DRIFT,HIGH,RC-1,593,S5,CELL-S5-04,False,,LIVE,ART-e6735b9b7244272f,2026-10-06T19:40:03.417398Z,,PASS
WI-0153-OVR,WI-0153,i5-13400,passmark_overall,23893,Intel Core i5-13400,4994,1.0,23890,23890,23890,-3,0.0126,V-DRIFT,HIGH,RC-1,2094,S5,CELL-S5-04,False,,LIVE,ART-64e31d425c6ae791,2026-10-06T19:40:05.914157Z,,PASS
WI-0153-ST,WI-0153,i5-13400,passmark_single_thread,3584,Intel Core i5-13400,4994,1.0,3584,3584,3584,0,0.0,V-EXACT,HIGH,,2094,S5,CELL-S5-04,False,,LIVE,ART-64e31d425c6ae791,2026-10-06T19:40:05.914157Z,,PASS
WI-0154-OVR,WI-0154,i5-13400F,passmark_overall,24877,Intel Core i5-13400F,5166,1.0,24877,24877,24877,0,0.0,V-EXACT,HIGH,,5287,S5,CELL-S5-04,False,,LIVE,ART-c639996ec4f5ec7a,2026-10-06T19:40:08.397147Z,,
WI-0154-ST,WI-0154,i5-13400F,passmark_single_thread,3628,Intel Core i5-13400F,5166,1.0,3629,3629,3629,1,0.0276,V-DRIFT,HIGH,RC-1,5287,S5,CELL-S5-04,False,,LIVE,ART-c639996ec4f5ec7a,2026-10-06T19:40:08.397147Z,,PASS
WI-0155-OVR,WI-0155,i5-13400T,passmark_overall,20066,Intel Core i5-13400T,5328,1.0,20066,20066,20066,0,0.0,V-EXACT,HIGH,,77,S5,CELL-S5-04,False,,LIVE,ART-f41b2000f2298070,2026-10-06T19:40:10.974913Z,,PASS
WI-0155-ST,WI-0155,i5-13400T,passmark_single_thread,3472,Intel Core i5-13400T,5328,1.0,3472,3472,3472,0,0.0,V-EXACT,HIGH,,77,S5,CELL-S5-04,False,,LIVE,ART-f41b2000f2298070,2026-10-06T19:40:10.974913Z,,
WI-0156-OVR,WI-0156,i5-14600K,passmark_overall,38357,Intel Core i5-14600K,5720,1.0,38357,38357,38357,0,0.0,V-EXACT,HIGH,,4446,S6,CELL-S6-01,False,,LIVE,ART-6272e9fa9c94b0e2,2026-10-06T19:40:13.459659Z,,PASS
WI-0156-ST,WI-0156,i5-14600K,passmark_single_thread,4264,Intel Core i5-14600K,5720,1.0,4264,4264,4264,0,0.0,V-EXACT,HIGH,,4446,S6,CELL-S6-01,False,,LIVE,ART-6272e9fa9c94b0e2,2026-10-06T19:40:13.459659Z,,
WI-0157-OVR,WI-0157,i5-14600KF,passmark_overall,38231,Intel Core i5-14600KF,5722,1.0,38232,38232,38232,1,0.0026,V-DRIFT,HIGH,RC-1,4595,S6,CELL-S6-02,False,,LIVE,ART-3880041c170af71b,2026-10-06T19:40:15.941126Z,,PASS
WI-0157-ST,WI-0157,i5-14600KF,passmark_single_thread,4250,Intel Core i5-14600KF,5722,1.0,4252,4252,4252,2,0.0471,V-DRIFT,HIGH,RC-1,4595,S6,CELL-S6-02,False,,LIVE,ART-3880041c170af71b,2026-10-06T19:40:15.941126Z,,PASS
WI-0158-OVR,WI-0158,i3-13100,passmark_overall,14099,Intel Core i3-13100,5170,1.0,14097,14097,14097,-2,0.0142,V-DRIFT,HIGH,RC-1,690,S5,CELL-S5-05,False,,LIVE,ART-a3f91faab3adba92,2026-10-06T19:40:18.529159Z,,PASS
WI-0158-ST,WI-0158,i3-13100,passmark_single_thread,3538,Intel Core i3-13100,5170,1.0,3538,3538,3538,0,0.0,V-EXACT,HIGH,,690,S5,CELL-S5-05,False,,LIVE,ART-a3f91faab3adba92,2026-10-06T19:40:18.529159Z,,
WI-0159-OVR,WI-0159,i3-13100F,passmark_overall,14651,Intel Core i3-13100F,5156,1.0,14651,14651,14651,0,0.0,V-EXACT,HIGH,,679,S5,CELL-S5-05,True,NEAR_IDENTICAL_OVERALL,NEAR_IDENTICAL_OVERALL|LIVE,ART-eed10d871886a108,2026-10-06T19:40:21.041346Z,,PASS
WI-0159-ST,WI-0159,i3-13100F,passmark_single_thread,3599,Intel Core i3-13100F,5156,1.0,3599,3599,3599,0,0.0,V-EXACT,HIGH,,679,S5,CELL-S5-05,False,,LIVE,ART-eed10d871886a108,2026-10-06T19:40:21.041346Z,,
WI-0160-OVR,WI-0160,i3-13100T,passmark_overall,12738,Intel Core i3-13100T,5295,1.0,12738,12738,12738,0,0.0,V-EXACT,HIGH,,109,S5,CELL-S5-05,False,,LIVE,ART-46ff1c80661175ef,2026-10-06T19:40:23.625595Z,,
WI-0160-ST,WI-0160,i3-13100T,passmark_single_thread,3359,Intel Core i3-13100T,5295,1.0,3359,3359,3359,0,0.0,V-EXACT,HIGH,,109,S5,CELL-S5-05,False,,LIVE,ART-46ff1c80661175ef,2026-10-06T19:40:23.625595Z,,
WI-0161-OVR,WI-0161,Core Ultra 9 285K,passmark_overall,67219,Intel Core Ultra 9 285K,6296,1.0,67220,67220,67220,1,0.0015,V-DRIFT,HIGH,RC-1,8960,S7,CELL-S7-01,False,,LIVE,ART-60516a8439cd6142,2026-10-06T19:40:26.188490Z,,PASS
WI-0161-ST,WI-0161,Core Ultra 9 285K,passmark_single_thread,5085,Intel Core Ultra 9 285K,6296,1.0,5085,5085,5085,0,0.0,V-EXACT,HIGH,,8960,S7,CELL-S7-01,False,,LIVE,ART-60516a8439cd6142,2026-10-06T19:40:26.188490Z,,
WI-0162-OVR,WI-0162,i9-14900KS,passmark_overall,59858,Intel Core i9-14900KS,5957,1.0,59854,59854,59854,-4,0.0067,V-DRIFT,HIGH,RC-1,1647,S6,CELL-S6-02,False,,LIVE,ART-a47faacbb5d406af,2026-10-06T19:40:28.755180Z,,PASS
WI-0162-ST,WI-0162,i9-14900KS,passmark_single_thread,4807,Intel Core i9-14900KS,5957,1.0,4807,4807,4807,0,0.0,V-EXACT,HIGH,,1647,S6,CELL-S6-02,False,,LIVE,ART-a47faacbb5d406af,2026-10-06T19:40:28.755180Z,,
WI-0163-OVR,WI-0163,i9-14900,passmark_overall,44530,Intel Core i9-14900,5886,1.0,44530,44530,44530,0,0.0,V-EXACT,HIGH,,973,S6,CELL-S6-02,False,,LIVE,ART-a462cce5a4d7bb41,2026-10-06T19:40:31.239211Z,,
WI-0163-ST,WI-0163,i9-14900,passmark_single_thread,4322,Intel Core i9-14900,5886,1.0,4322,4322,4322,0,0.0,V-EXACT,HIGH,,973,S6,CELL-S6-02,True,VALUE_COLLISION_SINGLE,VALUE_COLLISION_SINGLE|LIVE,ART-a462cce5a4d7bb41,2026-10-06T19:40:31.239211Z,,PASS
WI-0164-OVR,WI-0164,i9-14900F,passmark_overall,46439,Intel Core i9-14900F,5833,1.0,46439,46439,46439,0,0.0,V-EXACT,HIGH,,662,S6,CELL-S6-02,False,,LIVE,ART-9306c17e08c36b1a,2026-10-06T19:40:33.717365Z,,
WI-0164-ST,WI-0164,i9-14900F,passmark_single_thread,4508,Intel Core i9-14900F,5833,1.0,4508,4508,4508,0,0.0,V-EXACT,HIGH,,662,S6,CELL-S6-02,False,,LIVE,ART-9306c17e08c36b1a,2026-10-06T19:40:33.717365Z,,
WI-0165-OVR,WI-0165,i9-14900T,passmark_overall,36239,Intel Core i9-14900T,5903,1.0,36239,36239,36239,0,0.0,V-EXACT,HIGH,,67,S6,CELL-S6-02,False,,LIVE,ART-2058fb114ff09d56,2026-10-06T19:40:36.203338Z,,
WI-0165-ST,WI-0165,i9-14900T,passmark_single_thread,4016,Intel Core i9-14900T,5903,1.0,4016,4016,4016,0,0.0,V-EXACT,HIGH,,67,S6,CELL-S6-02,True,VALUE_COLLISION_SINGLE,VALUE_COLLISION_SINGLE|LIVE,ART-2058fb114ff09d56,2026-10-06T19:40:36.203338Z,,PASS
WI-0166-OVR,WI-0166,Core Ultra 7 265K,passmark_overall,58567,Intel Core Ultra 7 265K,6326,1.0,58568,58568,58568,1,0.0017,V-DRIFT,HIGH,RC-1,8498,S7,CELL-S7-01,False,,LIVE,ART-e34bff249108d8e9,2026-10-06T19:40:38.765718Z,,PASS
WI-0166-ST,WI-0166,Core Ultra 7 265K,passmark_single_thread,4928,Intel Core Ultra 7 265K,6326,1.0,4928,4928,4928,0,0.0,V-EXACT,HIGH,,8498,S7,CELL-S7-01,False,,LIVE,ART-e34bff249108d8e9,2026-10-06T19:40:38.765718Z,,
WI-0167-OVR,WI-0167,Core Ultra 7 265KF,passmark_overall,58447,Intel Core Ultra 7 265KF,6338,1.0,58440,58440,58440,-7,0.012,V-DRIFT,HIGH,RC-1,3934,S7,CELL-S7-01,False,,LIVE,ART-bb5fd2fed17d2aa3,2026-10-06T19:40:41.319602Z,,PASS
WI-0167-ST,WI-0167,Core Ultra 7 265KF,passmark_single_thread,4925,Intel Core Ultra 7 265KF,6338,1.0,4925,4925,4925,0,0.0,V-EXACT,HIGH,,3934,S7,CELL-S7-01,False,,LIVE,ART-bb5fd2fed17d2aa3,2026-10-06T19:40:41.319602Z,,
WI-0168-OVR,WI-0168,i7-14700,passmark_overall,40195,Intel Core i7-14700,5852,1.0,40196,40196,40196,1,0.0025,V-DRIFT,HIGH,RC-1,3997,S6,CELL-S6-03,False,,LIVE,ART-af04e4caf3ebd29d,2026-10-06T19:40:43.893490Z,,PASS
WI-0168-ST,WI-0168,i7-14700,passmark_single_thread,4232,Intel Core i7-14700,5852,1.0,4232,4232,4232,0,0.0,V-EXACT,HIGH,,3997,S6,CELL-S6-03,False,,LIVE,ART-af04e4caf3ebd29d,2026-10-06T19:40:43.893490Z,,PASS
WI-0169-OVR,WI-0169,i7-14700F,passmark_overall,41275,Intel Core i7-14700F,5834,1.0,41271,41271,41271,-4,0.0097,V-DRIFT,HIGH,RC-1,4778,S6,CELL-S6-03,False,,LIVE,ART-e04fa36bef60a328,2026-10-06T19:40:46.390645Z,,PASS
WI-0169-ST,WI-0169,i7-14700F,passmark_single_thread,4256,Intel Core i7-14700F,5834,1.0,4255,4255,4255,-1,0.0235,V-DRIFT,HIGH,RC-1,4778,S6,CELL-S6-03,False,,LIVE,ART-e04fa36bef60a328,2026-10-06T19:40:46.390645Z,,PASS
WI-0170-OVR,WI-0170,i7-14700T,passmark_overall,30821,Intel Core i7-14700T,6112,1.0,30819,30819,30819,-2,0.0065,V-DRIFT,HIGH,RC-1,258,S6,CELL-S6-03,False,,LIVE,ART-964815bb811fae81,2026-10-06T19:40:48.876912Z,,PASS
WI-0170-ST,WI-0170,i7-14700T,passmark_single_thread,3917,Intel Core i7-14700T,6112,1.0,3918,3918,3918,1,0.0255,V-DRIFT,HIGH,RC-1,258,S6,CELL-S6-03,True,VALUE_COLLISION_SINGLE,VALUE_COLLISION_SINGLE|LIVE,ART-964815bb811fae81,2026-10-06T19:40:48.876912Z,,PASS
WI-0171-OVR,WI-0171,Core Ultra 5 245K,passmark_overall,43048,Intel Core Ultra 5 245K,6324,1.0,43044,43044,43044,-4,0.0093,V-DRIFT,HIGH,RC-1,1107,S7,CELL-S7-01,False,,LIVE,ART-42df4ea5c43c6199,2026-10-06T19:40:51.448962Z,,PASS
WI-0171-ST,WI-0171,Core Ultra 5 245K,passmark_single_thread,4716,Intel Core Ultra 5 245K,6324,1.0,4716,4716,4716,0,0.0,V-EXACT,HIGH,,1107,S7,CELL-S7-01,False,,LIVE,ART-42df4ea5c43c6199,2026-10-06T19:40:51.448962Z,,PASS
WI-0172-OVR,WI-0172,Core Ultra 5 245KF,passmark_overall,43024,Intel Core Ultra 5 245KF,6336,1.0,43032,43032,43032,8,0.0186,V-DRIFT,HIGH,RC-1,752,S7,CELL-S7-01,False,,LIVE,ART-18a1f2914653472d,2026-10-06T19:40:53.931531Z,,PASS
WI-0172-ST,WI-0172,Core Ultra 5 245KF,passmark_single_thread,4713,Intel Core Ultra 5 245KF,6336,1.0,4714,4714,4714,1,0.0212,V-DRIFT,HIGH,RC-1,752,S7,CELL-S7-01,False,,LIVE,ART-18a1f2914653472d,2026-10-06T19:40:53.931531Z,,PASS
WI-0173-OVR,WI-0173,i5-14600,passmark_overall,35803,Intel Core i5-14600,5865,1.0,35803,35803,35803,0,0.0,V-EXACT,HIGH,,497,S6,CELL-S6-03,False,,LIVE,ART-90762aa1d3700eb6,2026-10-06T19:40:56.453405Z,,
WI-0173-ST,WI-0173,i5-14600,passmark_single_thread,4161,Intel Core i5-14600,5865,1.0,4161,4161,4161,0,0.0,V-EXACT,HIGH,,497,S6,CELL-S6-03,False,,LIVE,ART-90762aa1d3700eb6,2026-10-06T19:40:56.453405Z,,PASS
WI-0174-OVR,WI-0174,i5-14600T,passmark_overall,26409,Intel Core i5-14600T,5994,1.0,26409,26409,26409,0,0.0,V-EXACT,HIGH,,53,S6,CELL-S6-03,False,,LIVE,ART-51390209f4855f1d,2026-10-06T19:40:59.022667Z,,
WI-0174-ST,WI-0174,i5-14600T,passmark_single_thread,3744,Intel Core i5-14600T,5994,1.0,3744,3744,3744,0,0.0,V-EXACT,HIGH,,53,S6,CELL-S6-03,False,,LIVE,ART-51390209f4855f1d,2026-10-06T19:40:59.022667Z,,
WI-0175-OVR,WI-0175,i5-14500,passmark_overall,30706,Intel Core i5-14500,5835,1.0,30706,30706,30706,0,0.0,V-EXACT,HIGH,,2391,S6,CELL-S6-04,False,,LIVE,ART-aa913bcce42c6c00,2026-10-06T19:41:01.593093Z,,
WI-0175-ST,WI-0175,i5-14500,passmark_single_thread,3948,Intel Core i5-14500,5835,1.0,3948,3948,3948,0,0.0,V-EXACT,HIGH,,2391,S6,CELL-S6-04,False,,LIVE,ART-aa913bcce42c6c00,2026-10-06T19:41:01.593093Z,,
WI-0176-OVR,WI-0176,i5-14500T,passmark_overall,22869,Intel Core i5-14500T,5889,1.0,22869,22869,22869,0,0.0,V-EXACT,HIGH,,625,S6,CELL-S6-04,False,,LIVE,ART-de1be91c39e57069,2026-10-06T19:41:04.221039Z,,
WI-0176-ST,WI-0176,i5-14500T,passmark_single_thread,3742,Intel Core i5-14500T,5889,1.0,3742,3742,3742,0,0.0,V-EXACT,HIGH,,625,S6,CELL-S6-04,False,,LIVE,ART-de1be91c39e57069,2026-10-06T19:41:04.221039Z,,PASS
WI-0177-OVR,WI-0177,i5-14400,passmark_overall,25032,Intel Core i5-14400,5868,1.0,25037,25037,25037,5,0.02,V-DRIFT,HIGH,RC-1,2203,S6,CELL-S6-04,False,,LIVE,ART-83e0d6ec1892481b,2026-10-06T19:41:06.657233Z,,PASS
WI-0177-ST,WI-0177,i5-14400,passmark_single_thread,3740,Intel Core i5-14400,5868,1.0,3741,3741,3741,1,0.0267,V-DRIFT,HIGH,RC-1,2203,S6,CELL-S6-04,False,,LIVE,ART-83e0d6ec1892481b,2026-10-06T19:41:06.657233Z,,PASS
WI-0178-OVR,WI-0178,i5-14400F,passmark_overall,25417,Intel Core i5-14400F,5837,1.0,25415,25415,25415,-2,0.0079,V-DRIFT,HIGH,RC-1,6407,S6,CELL-S6-04,False,,LIVE,ART-5dd804cc9bc223b3,2026-10-06T19:41:10.238857Z,,PASS
WI-0178-ST,WI-0178,i5-14400F,passmark_single_thread,3700,Intel Core i5-14400F,5837,1.0,3700,3700,3700,0,0.0,V-EXACT,HIGH,,6407,S6,CELL-S6-04,False,,LIVE,ART-5dd804cc9bc223b3,2026-10-06T19:41:10.238857Z,,
WI-0179-OVR,WI-0179,i5-14400T,passmark_overall,20358,Intel Core i5-14400T,6039,1.0,20358,20358,20358,0,0.0,V-EXACT,HIGH,,142,S6,CELL-S6-04,False,,LIVE,ART-95f2a4f0d01f6735,2026-10-06T19:41:12.817731Z,,PASS
WI-0179-ST,WI-0179,i5-14400T,passmark_single_thread,3511,Intel Core i5-14400T,6039,1.0,3511,3511,3511,0,0.0,V-EXACT,HIGH,,142,S6,CELL-S6-04,False,,LIVE,ART-95f2a4f0d01f6735,2026-10-06T19:41:12.817731Z,,PASS
WI-0180-OVR,WI-0180,i3-14100,passmark_overall,15086,Intel Core i3-14100,5831,1.0,15086,15086,15086,0,0.0,V-EXACT,HIGH,,682,S6,CELL-S6-05,False,,LIVE,ART-f898e950baffe451,2026-10-06T19:41:15.333822Z,,
WI-0180-ST,WI-0180,i3-14100,passmark_single_thread,3759,Intel Core i3-14100,5831,1.0,3759,3759,3759,0,0.0,V-EXACT,HIGH,,682,S6,CELL-S6-05,False,,LIVE,ART-f898e950baffe451,2026-10-06T19:41:15.333822Z,,
WI-0181-OVR,WI-0181,i3-14100F,passmark_overall,15403,Intel Core i3-14100F,5853,1.0,15399,15399,15399,-4,0.026,V-DRIFT,HIGH,RC-1,608,S6,CELL-S6-05,False,,LIVE,ART-8a6d95af11ecde2b,2026-10-06T19:41:17.917386Z,,PASS
WI-0181-ST,WI-0181,i3-14100F,passmark_single_thread,3775,Intel Core i3-14100F,5853,1.0,3775,3775,3775,0,0.0,V-EXACT,HIGH,,608,S6,CELL-S6-05,False,,LIVE,ART-8a6d95af11ecde2b,2026-10-06T19:41:17.917386Z,,
WI-0182-OVR,WI-0182,i3-14100T,passmark_overall,13679,Intel Core i3-14100T,6134,1.0,13679,13679,13679,0,0.0,V-EXACT,HIGH,,111,S6,CELL-S6-05,False,,LIVE,ART-85f8f6a7fe29e1d2,2026-10-06T19:41:20.421905Z,,
WI-0182-ST,WI-0182,i3-14100T,passmark_single_thread,3498,Intel Core i3-14100T,6134,1.0,3498,3498,3498,0,0.0,V-EXACT,HIGH,,111,S6,CELL-S6-05,False,,LIVE,ART-85f8f6a7fe29e1d2,2026-10-06T19:41:20.421905Z,,
WI-0183-OVR,WI-0183,Intel Processor 300,passmark_overall,7246,Intel 300,5862,0.99,7246,7246,7246,0,0.0,V-EXACT,MEDIUM,,37,S7,CELL-S7-02,False,,LIVE,ART-979df15b1082b70f,2026-10-06T19:44:45.585099Z,,
WI-0183-ST,WI-0183,Intel Processor 300,passmark_single_thread,3200,Intel 300,5862,0.99,3200,3200,3200,0,0.0,V-EXACT,MEDIUM,,37,S7,CELL-S7-02,False,,LIVE,ART-979df15b1082b70f,2026-10-06T19:44:45.585099Z,,
WI-0184-OVR,WI-0184,Intel Processor 300T,passmark_overall,5627,Intel 300T,6472,0.99,5627,5627,5627,0,0.0,V-EXACT,MEDIUM,,6,S7,CELL-S7-02,False,,LIVE|LOW_SAMPLES,ART-d4d273ec62c85acd,2026-10-06T19:44:48.193128Z,,
WI-0184-ST,WI-0184,Intel Processor 300T,passmark_single_thread,2702,Intel 300T,6472,0.99,2702,2702,2702,0,0.0,V-EXACT,MEDIUM,,6,S7,CELL-S7-02,False,,LIVE|LOW_SAMPLES,ART-d4d273ec62c85acd,2026-10-06T19:44:48.193128Z,,
WI-0185-OVR,WI-0185,Core Ultra 9 285,passmark_overall,57842,Intel Core Ultra 9 285,6443,1.0,57847,57847,57847,5,0.0086,V-DRIFT,HIGH,RC-1,1011,S7,CELL-S7-02,False,,LIVE,ART-3799c58e0c89e2ca,2026-10-06T19:41:22.892489Z,,PASS
WI-0185-ST,WI-0185,Core Ultra 9 285,passmark_single_thread,4908,Intel Core Ultra 9 285,6443,1.0,4908,4908,4908,0,0.0,V-EXACT,HIGH,,1011,S7,CELL-S7-02,False,,LIVE,ART-3799c58e0c89e2ca,2026-10-06T19:41:22.892489Z,,
WI-0186-OVR,WI-0186,Core Ultra 9 285T,passmark_overall,39668,Intel Core Ultra 9 285T,6510,1.0,39668,39668,39668,0,0.0,V-EXACT,HIGH,,43,S7,CELL-S7-02,False,,LIVE,ART-d437029979a56cb6,2026-10-06T19:41:25.379319Z,,PASS
WI-0186-ST,WI-0186,Core Ultra 9 285T,passmark_single_thread,4581,Intel Core Ultra 9 285T,6510,1.0,4581,4581,4581,0,0.0,V-EXACT,HIGH,,43,S7,CELL-S7-02,False,,LIVE,ART-d437029979a56cb6,2026-10-06T19:41:25.379319Z,,
WI-0187-OVR,WI-0187,Core Ultra 7 265,passmark_overall,49684,Intel Core Ultra 7 265,6423,1.0,49684,49684,49684,0,0.0,V-EXACT,HIGH,,2154,S7,CELL-S7-02,True,SIBLING_SUFFIX_INVERSION,SIBLING_SUFFIX_INVERSION|LIVE,ART-79d379ae88e4a943,2026-10-06T19:41:27.946782Z,,PASS
WI-0187-ST,WI-0187,Core Ultra 7 265,passmark_single_thread,4694,Intel Core Ultra 7 265,6423,1.0,4695,4695,4695,1,0.0213,V-DRIFT,HIGH,RC-1,2154,S7,CELL-S7-02,True,SIBLING_SUFFIX_INVERSION,SIBLING_SUFFIX_INVERSION|LIVE,ART-79d379ae88e4a943,2026-10-06T19:41:27.946782Z,,PASS
WI-0188-OVR,WI-0188,Core Ultra 7 265F,passmark_overall,49500,Intel Core Ultra 7 265F,6558,1.0,49497,49497,49497,-3,0.0061,V-DRIFT,HIGH,RC-1,950,S7,CELL-S7-03,True,SIBLING_SUFFIX_INVERSION,SIBLING_SUFFIX_INVERSION|LIVE,ART-3a134c028f370c2b,2026-10-06T19:41:30.529459Z,,PASS
WI-0188-ST,WI-0188,Core Ultra 7 265F,passmark_single_thread,4756,Intel Core Ultra 7 265F,6558,1.0,4756,4756,4756,0,0.0,V-EXACT,HIGH,,950,S7,CELL-S7-03,True,SIBLING_SUFFIX_INVERSION,SIBLING_SUFFIX_INVERSION|LIVE,ART-3a134c028f370c2b,2026-10-06T19:41:30.529459Z,,PASS
WI-0189-OVR,WI-0189,Core Ultra 7 265T,passmark_overall,36948,Intel Core Ultra 7 265T,6687,1.0,37052,37052,37052,104,0.2815,V-DRIFT,HIGH,RC-1,166,S7,CELL-S7-03,False,,LIVE,ART-592e6cf96e6f47ea,2026-10-06T19:41:33.105102Z,,PASS
WI-0189-ST,WI-0189,Core Ultra 7 265T,passmark_single_thread,4356,Intel Core Ultra 7 265T,6687,1.0,4360,4360,4360,4,0.0918,V-DRIFT,HIGH,RC-1,166,S7,CELL-S7-03,False,,LIVE,ART-592e6cf96e6f47ea,2026-10-06T19:41:33.105102Z,,PASS
WI-0190-OVR,WI-0190,Core Ultra 5 245,passmark_overall,39104,Intel Core Ultra 5 245,6675,1.0,39104,39104,39104,0,0.0,V-EXACT,HIGH,,76,S7,CELL-S7-03,False,,LIVE,ART-e9df296615bc0528,2026-10-06T19:41:35.667756Z,,PASS
WI-0190-ST,WI-0190,Core Ultra 5 245,passmark_single_thread,4438,Intel Core Ultra 5 245,6675,1.0,4438,4438,4438,0,0.0,V-EXACT,HIGH,,76,S7,CELL-S7-03,False,,LIVE,ART-e9df296615bc0528,2026-10-06T19:41:35.667756Z,,
WI-0191-OVR,WI-0191,Core Ultra 5 245T,passmark_overall,30071,Intel Core Ultra 5 245T,6637,1.0,30071,30071,30071,0,0.0,V-EXACT,HIGH,,40,S7,CELL-S7-03,False,,LIVE,ART-1a46d63e3546197c,2026-10-06T19:41:38.174908Z,,
WI-0191-ST,WI-0191,Core Ultra 5 245T,passmark_single_thread,4282,Intel Core Ultra 5 245T,6637,1.0,4282,4282,4282,0,0.0,V-EXACT,HIGH,,40,S7,CELL-S7-03,False,,LIVE,ART-1a46d63e3546197c,2026-10-06T19:41:38.174908Z,,
WI-0192-OVR,WI-0192,Core Ultra 5 235,passmark_overall,36294,Intel Core Ultra 5 235,6526,1.0,36316,36316,36316,22,0.0606,V-DRIFT,HIGH,RC-1,971,S7,CELL-S7-03,False,,LIVE,ART-3708488e2ae8b3c4,2026-10-06T19:41:40.737280Z,,PASS
WI-0192-ST,WI-0192,Core Ultra 5 235,passmark_single_thread,4381,Intel Core Ultra 5 235,6526,1.0,4382,4382,4382,1,0.0228,V-DRIFT,HIGH,RC-1,971,S7,CELL-S7-03,False,,LIVE,ART-3708488e2ae8b3c4,2026-10-06T19:41:40.737280Z,,PASS
WI-0193-OVR,WI-0193,Core Ultra 5 235T,passmark_overall,30839,Intel Core Ultra 5 235T,6650,1.0,30841,30841,30841,2,0.0065,V-DRIFT,HIGH,RC-1,347,S7,CELL-S7-04,False,,LIVE,ART-01efa4dfb7349b17,2026-10-06T19:41:43.297315Z,,PASS
WI-0193-ST,WI-0193,Core Ultra 5 235T,passmark_single_thread,4344,Intel Core Ultra 5 235T,6650,1.0,4345,4345,4345,1,0.023,V-DRIFT,HIGH,RC-1,347,S7,CELL-S7-04,False,,LIVE,ART-01efa4dfb7349b17,2026-10-06T19:41:43.297315Z,,PASS
WI-0194-OVR,WI-0194,Core Ultra 5 225,passmark_overall,30309,Intel Core Ultra 5 225,6469,1.0,30310,30310,30310,1,0.0033,V-DRIFT,HIGH,RC-1,1119,S7,CELL-S7-04,False,,LIVE,ART-e3d39b14d036496b,2026-10-06T19:41:45.784912Z,,PASS
WI-0194-ST,WI-0194,Core Ultra 5 225,passmark_single_thread,4411,Intel Core Ultra 5 225,6469,1.0,4409,4409,4409,-2,0.0453,V-DRIFT,HIGH,RC-1,1119,S7,CELL-S7-04,False,,LIVE,ART-e3d39b14d036496b,2026-10-06T19:41:45.784912Z,,PASS
WI-0195-OVR,WI-0195,Core Ultra 5 225F,passmark_overall,30938,Intel Core Ultra 5 225F,6457,1.0,30935,30935,30935,-3,0.0097,V-DRIFT,HIGH,RC-1,785,S7,CELL-S7-04,False,,LIVE,ART-35bcc5ded7110470,2026-10-06T19:41:48.390969Z,,PASS
WI-0195-ST,WI-0195,Core Ultra 5 225F,passmark_single_thread,4399,Intel Core Ultra 5 225F,6457,1.0,4396,4396,4396,-3,0.0682,V-DRIFT,HIGH,RC-1,785,S7,CELL-S7-04,False,,LIVE,ART-35bcc5ded7110470,2026-10-06T19:41:48.390969Z,,PASS
