wi_id,cpu_model_csv,stratum_id,csv_overall,live_overall,overall_delta,overall_delta_pct,overall_disposition,csv_single,live_single,single_delta,single_delta_pct,single_disposition,passmark_name,passmark_id,identity_confidence,overall_samples,overall_confidence,single_confidence,overall_watchlist,single_watchlist,overall_adjudication_id
WI-0001,i9-9900KS,S1,19345,19345,0,0.0,V-EXACT,3025,3025,0,0.0,V-EXACT,Intel Core i9-9900KS @ 4.00GHz,3593,1.0,663,HIGH,HIGH,,VALUE_COLLISION_SINGLE,
WI-0002,i9-9900KF,S1,17992,17991,-1,0.0056,V-DRIFT,2899,2899,0,0.0,V-EXACT,Intel Core i9-9900KF @ 3.60GHz,3435,1.0,2706,HIGH,HIGH,,,
WI-0003,i9-9900,S1,16276,16276,0,0.0,V-EXACT,2796,2795,-1,0.0358,V-DRIFT,Intel Core i9-9900 @ 3.10GHz,3487,1.0,1144,HIGH,HIGH,,,
WI-0004,i9-9900T,S1,13044,13044,0,0.0,V-EXACT,2453,2453,0,0.0,V-EXACT,Intel Core i9-9900T @ 2.10GHz,3599,1.0,101,HIGH,HIGH,,,
WI-0005,i9-10980XE,S2b,31932,31932,0,0.0,V-EXACT,2658,2658,0,0.0,V-EXACT,Intel Core i9-10980XE @ 3.00GHz,3630,1.0,1155,HIGH,HIGH,,,
WI-0006,i9-10940X,S2b,27636,27636,0,0.0,V-EXACT,2662,2662,0,0.0,V-EXACT,Intel Core i9-10940X @ 3.30GHz,3639,1.0,402,HIGH,HIGH,,,
WI-0007,i9-10920X,S2b,25720,25720,0,0.0,V-EXACT,2705,2705,0,0.0,V-EXACT,Intel Core i9-10920X @ 3.50GHz,3632,1.0,425,HIGH,HIGH,,,
WI-0008,i9-10900X,S2b,22266,22266,0,0.0,V-EXACT,2663,2663,0,0.0,V-EXACT,Intel Core i9-10900X @ 3.70GHz,3633,1.0,998,HIGH,HIGH,,,
WI-0009,i7-9700KF,S1,14244,14244,0,0.0,V-EXACT,2853,2852,-1,0.0351,V-DRIFT,Intel Core i7-9700KF @ 3.60GHz,3428,1.0,1335,HIGH,HIGH,VALUE_COLLISION_OVERALL,,
WI-0010,i7-9700F,S1,13160,13161,1,0.0076,V-DRIFT,2734,2734,0,0.0,V-EXACT,Intel Core i7-9700F @ 3.00GHz,3465,1.0,2057,HIGH,HIGH,SIBLING_SUFFIX_INVERSION,SIBLING_SUFFIX_INVERSION,
WI-0011,i7-9700,S1,13172,13172,0,0.0,V-EXACT,2743,2743,0,0.0,V-EXACT,Intel Core i7-9700 @ 3.00GHz,3477,1.0,7023,HIGH,HIGH,SIBLING_SUFFIX_INVERSION,SIBLING_SUFFIX_INVERSION,
WI-0012,i7-9700T,S1,10575,10575,0,0.0,V-EXACT,2417,2417,0,0.0,V-EXACT,Intel Core i7-9700T @ 2.00GHz,3506,1.0,387,HIGH,HIGH,,,
WI-0013,i5-9600KF,S1,10642,10642,0,0.0,V-EXACT,2709,2709,0,0.0,V-EXACT,Intel Core i5-9600KF @ 3.70GHz,3443,1.0,1808,HIGH,HIGH,,,
WI-0014,i5-9600T,S1,9571,9571,0,0.0,V-EXACT,2416,2416,0,0.0,V-EXACT,Intel Core i5-9600T @ 2.30GHz,3602,1.0,952,HIGH,HIGH,,,
WI-0015,i5-9500,S1,9844,9845,1,0.0102,V-DRIFT,2566,2566,0,0.0,V-EXACT,Intel Core i5-9500 @ 3.00GHz,3444,1.0,2638,HIGH,HIGH,,,
WI-0016,i5-9500F,S1,9972,9972,0,0.0,V-EXACT,2569,2569,0,0.0,V-EXACT,Intel Core i5-9500F @ 3.00GHz,3511,1.0,130,HIGH,HIGH,,,
WI-0017,i5-9500T,S1,8027,8029,2,0.0249,V-DRIFT,2110,2110,0,0.0,V-EXACT,Intel Core i5-9500T @ 2.20GHz,3454,1.0,1105,HIGH,HIGH,,,
WI-0018,i5-9400,S1,9352,9351,-1,0.0107,V-DRIFT,2412,2412,0,0.0,V-EXACT,Intel Core i5-9400 @ 2.90GHz,3414,1.0,3358,HIGH,HIGH,,,
WI-0019,i5-9400F,S1,9461,9462,1,0.0106,V-DRIFT,2420,2420,0,0.0,V-EXACT,Intel Core i5-9400F @ 2.90GHz,3397,1.0,9528,HIGH,HIGH,,,
WI-0020,i5-9400T,S1,8103,8103,0,0.0,V-EXACT,2059,2059,0,0.0,V-EXACT,Intel Core i5-9400T @ 1.80GHz,3513,1.0,467,HIGH,HIGH,,,
WI-0021,i3-9350KF,S1,7482,7482,0,0.0,V-EXACT,2681,2681,0,0.0,V-EXACT,Intel Core i3-9350KF @ 4.00GHz,3459,1.0,76,HIGH,HIGH,,VALUE_COLLISION_SINGLE,
WI-0022,i3-9350K,S1,7596,7596,0,0.0,V-EXACT,2731,2731,0,0.0,V-EXACT,Intel Core i3-9350K @ 4.00GHz,3709,1.0,9,HIGH,HIGH,,,
WI-0023,i3-9320,S1,7358,7358,0,0.0,V-EXACT,2711,2711,0,0.0,V-EXACT,Intel Core i3-9320 @ 3.70GHz,3539,1.0,1,HIGH,HIGH,,,
WI-0024,i3-9300,S1,7070,7070,0,0.0,V-EXACT,2533,2533,0,0.0,V-EXACT,Intel Core i3-9300 @ 3.70GHz,3510,1.0,18,HIGH,HIGH,,,
WI-0025,i3-9300T,S1,6328,6328,0,0.0,V-EXACT,2303,2303,0,0.0,V-EXACT,Intel Core i3-9300T @ 3.20GHz,3509,1.0,34,HIGH,HIGH,,,
WI-0026,i3-9100,S1,6624,6624,0,0.0,V-EXACT,2467,2467,0,0.0,V-EXACT,Intel Core i3-9100 @ 3.60GHz,3479,1.0,1326,HIGH,HIGH,,,
WI-0027,i3-9100F,S1,6704,6704,0,0.0,V-EXACT,2480,2480,0,0.0,V-EXACT,Intel Core i3-9100F @ 3.60GHz,3461,1.0,3076,HIGH,HIGH,NEAR_IDENTICAL_OVERALL,,
WI-0028,i3-9100T,S1,5633,5633,0,0.0,V-EXACT,2116,2115,-1,0.0473,V-DRIFT,Intel Core i3-9100T @ 3.10GHz,3488,1.0,286,HIGH,HIGH,,,
WI-0029,Pentium Gold G5620,S1p,4251,4251,0,0.0,V-EXACT,2443,2443,0,0.0,V-EXACT,Intel Pentium Gold G5620 @ 4.00GHz,3626,1.0,4,HIGH,HIGH,,,
WI-0030,Pentium Gold G5600T,S1p,3496,3496,0,0.0,V-EXACT,2000,2000,0,0.0,V-EXACT,Intel Pentium Gold G5600T @ 3.30GHz,4716,1.0,2,HIGH,HIGH,,,
WI-0031,Pentium Gold G5420,S1p,3749,3749,0,0.0,V-EXACT,2205,2205,0,0.0,V-EXACT,Intel Pentium Gold G5420 @ 3.80GHz,3471,1.0,190,HIGH,HIGH,,,
WI-0032,Pentium Gold G5420T,S1p,3330,3330,0,0.0,V-EXACT,1899,1899,0,0.0,V-EXACT,Intel Pentium Gold G5420T @ 3.20GHz,3589,1.0,18,HIGH,HIGH,,,
WI-0033,Celeron G4950,S1p,2714,2714,0,0.0,V-EXACT,2041,2041,0,0.0,V-EXACT,Intel Celeron G4950 @ 3.30GHz,4210,1.0,1,HIGH,HIGH,,,
WI-0034,Celeron G4930,S1p,2502,2502,0,0.0,V-EXACT,1896,1896,0,0.0,V-EXACT,Intel Celeron G4930 @ 3.20GHz,3557,1.0,42,HIGH,HIGH,,,
WI-0035,Celeron G4930T,S1p,2287,2287,0,0.0,V-EXACT,1773,1773,0,0.0,V-EXACT,Intel Celeron G4930T @ 3.00GHz,3788,1.0,13,HIGH,HIGH,,,
WI-0036,i9-10900K,S2,22218,22218,0,0.0,V-EXACT,3106,3106,0,0.0,V-EXACT,Intel Core i9-10900K @ 3.70GHz,3730,1.0,4759,HIGH,HIGH,,,
WI-0037,i9-10900KF,S2,22132,22132,0,0.0,V-EXACT,3119,3119,0,0.0,V-EXACT,Intel Core i9-10900KF @ 3.70GHz,3754,1.0,1715,HIGH,HIGH,,,
WI-0038,i9-10900,S2,19053,19053,0,0.0,V-EXACT,2984,2984,0,0.0,V-EXACT,Intel Core i9-10900 @ 2.80GHz,3745,1.0,1308,HIGH,HIGH,,VALUE_COLLISION_SINGLE,
WI-0039,i9-10900F,S2,19675,19675,0,0.0,V-EXACT,3025,3025,0,0.0,V-EXACT,Intel Core i9-10900F @ 2.80GHz,3798,1.0,881,HIGH,HIGH,,VALUE_COLLISION_SINGLE,
WI-0040,i9-10900T,S2,14714,14714,0,0.0,V-EXACT,2519,2519,0,0.0,V-EXACT,Intel Core i9-10900T @ 1.90GHz,3751,1.0,49,HIGH,HIGH,,,
WI-0041,i9-10850K,S2,21859,21859,0,0.0,V-EXACT,3066,3066,0,0.0,V-EXACT,Intel Core i9-10850K @ 3.60GHz,3824,1.0,3858,HIGH,HIGH,,,
WI-0042,i7-10700K,S2,18488,18486,-2,0.0108,V-DRIFT,3035,3035,0,0.0,V-EXACT,Intel Core i7-10700K @ 3.80GHz,3733,1.0,8088,HIGH,HIGH,,,
WI-0043,i7-10700KF,S2,18273,18272,-1,0.0055,V-DRIFT,3021,3021,0,0.0,V-EXACT,Intel Core i7-10700KF @ 3.80GHz,3757,1.0,2077,HIGH,HIGH,,,
WI-0044,i7-10700,S2,15972,15971,-1,0.0063,V-DRIFT,2879,2879,0,0.0,V-EXACT,Intel Core i7-10700 @ 2.90GHz,3747,1.0,6480,HIGH,HIGH,,,
WI-0045,i7-10700F,S2,16086,16086,0,0.0,V-EXACT,2870,2870,0,0.0,V-EXACT,Intel Core i7-10700F @ 2.90GHz,3806,1.0,3256,HIGH,HIGH,,,
WI-0046,i7-10700T,S2,12823,12812,-11,0.0858,V-DRIFT,2567,2565,-2,0.0779,V-DRIFT,Intel Core i7-10700T @ 2.00GHz,3792,1.0,479,HIGH,HIGH,,,
WI-0047,i5-10600K,S2,14244,14243,-1,0.007,V-DRIFT,2910,2910,0,0.0,V-EXACT,Intel Core i5-10600K @ 4.10GHz,3735,1.0,2288,HIGH,HIGH,VALUE_COLLISION_OVERALL,,
WI-0048,i5-10600KF,S2,14110,14108,-2,0.0142,V-DRIFT,2905,2905,0,0.0,V-EXACT,Intel Core i5-10600KF @ 4.10GHz,3810,1.0,1133,HIGH,HIGH,,,
WI-0049,i5-10600,S2,13524,13524,0,0.0,V-EXACT,2907,2907,0,0.0,V-EXACT,Intel Core i5-10600 @ 3.30GHz,3750,1.0,721,HIGH,HIGH,,,
WI-0050,i5-10600T,S2,11519,11519,0,0.0,V-EXACT,2464,2464,0,0.0,V-EXACT,Intel Core i5-10600T @ 2.40GHz,3834,1.0,127,HIGH,HIGH,,,
WI-0051,i5-10500,S2,12889,12888,-1,0.0078,V-DRIFT,2779,2780,1,0.036,V-DRIFT,Intel Core i5-10500 @ 3.10GHz,3749,1.0,2763,HIGH,HIGH,,,
WI-0052,i5-10500T,S2,10237,10237,0,0.0,V-EXACT,2284,2284,0,0.0,V-EXACT,Intel Core i5-10500T @ 2.30GHz,3768,1.0,1123,HIGH,HIGH,,,
WI-0053,i5-10400,S2,11962,11961,-1,0.0084,V-DRIFT,2556,2556,0,0.0,V-EXACT,Intel Core i5-10400 @ 2.90GHz,3737,1.0,6194,HIGH,HIGH,,,
WI-0054,i5-10400F,S2,12091,12090,-1,0.0083,V-DRIFT,2540,2540,0,0.0,V-EXACT,Intel Core i5-10400F @ 2.90GHz,3767,1.0,9468,HIGH,HIGH,,,
WI-0055,i5-10400T,S2,9778,9769,-9,0.092,V-DRIFT,2126,2125,-1,0.047,V-DRIFT,Intel Core i5-10400T @ 2.00GHz,3826,1.0,282,HIGH,HIGH,,,
WI-0056,i3-10320,S2,9937,9937,0,0.0,V-EXACT,2824,2824,0,0.0,V-EXACT,Intel Core i3-10320 @ 3.80GHz,3890,1.0,71,HIGH,HIGH,,,
WI-0057,i3-10300,S2,9295,9295,0,0.0,V-EXACT,2681,2681,0,0.0,V-EXACT,Intel Core i3-10300 @ 3.70GHz,3765,1.0,77,HIGH,HIGH,,VALUE_COLLISION_SINGLE,
WI-0058,i3-10300T,S2,7876,7876,0,0.0,V-EXACT,2291,2291,0,0.0,V-EXACT,Intel Core i3-10300T @ 3.00GHz,3838,1.0,26,HIGH,HIGH,,,
WI-0059,i3-10100,S2,8473,8473,0,0.0,V-EXACT,2586,2586,0,0.0,V-EXACT,Intel Core i3-10100 @ 3.60GHz,3717,1.0,2529,HIGH,HIGH,,,
WI-0060,i3-10100F,S2,8702,8702,0,0.0,V-EXACT,2579,2579,0,0.0,V-EXACT,Intel Core i3-10100F @ 3.60GHz,3863,1.0,2873,HIGH,HIGH,,,
WI-0061,i3-10100T,S2,7343,7343,0,0.0,V-EXACT,2254,2254,0,0.0,V-EXACT,Intel Core i3-10100T @ 3.00GHz,3796,1.0,218,HIGH,HIGH,,,
WI-0062,Pentium Gold G6600,UNKNOWN,4223,4223,0,0.0,V-EXACT,2513,2513,0,0.0,V-EXACT,Intel Pentium Gold G6600 @ 4.20GHz,4168,1.0,8,HIGH,HIGH,,,
WI-0063,Pentium Gold G6500,UNKNOWN,4210,4210,0,0.0,V-EXACT,2463,2463,0,0.0,V-EXACT,Intel Pentium Gold G6500 @ 4.10GHz,3857,1.0,21,HIGH,HIGH,,,
WI-0064,Pentium Gold G6500T,UNKNOWN,3764,3764,0,0.0,V-EXACT,2227,2227,0,0.0,V-EXACT,Intel Pentium Gold G6500T @ 3.50GHz,4182,1.0,5,HIGH,HIGH,,,
WI-0065,Pentium Gold G6400,UNKNOWN,4065,4065,0,0.0,V-EXACT,2430,2430,0,0.0,V-EXACT,Intel Pentium Gold G6400 @ 4.00GHz,3805,1.0,324,HIGH,HIGH,,,
WI-0066,Pentium Gold G6400T,UNKNOWN,3565,3565,0,0.0,V-EXACT,2102,2102,0,0.0,V-EXACT,Intel Pentium Gold G6400T @ 3.40GHz,4308,1.0,21,HIGH,HIGH,,,
WI-0067,Celeron G5920,S2p,2667,2667,0,0.0,V-EXACT,2141,2141,0,0.0,V-EXACT,Intel Celeron G5920 @ 3.50GHz,3887,1.0,6,HIGH,HIGH,,,
WI-0068,Celeron G5900,S2p,2662,2662,0,0.0,V-EXACT,2089,2089,0,0.0,V-EXACT,Intel Celeron G5900 @ 3.40GHz,3761,1.0,29,HIGH,HIGH,,,
WI-0069,Celeron G5900T,S2p,2192,2192,0,0.0,V-EXACT,1713,1713,0,0.0,V-EXACT,Intel Celeron G5900T @ 3.20GHz,4557,1.0,4,HIGH,HIGH,,,
WI-0070,i9-11900K,S3,24890,24890,0,0.0,V-EXACT,3501,3501,0,0.0,V-EXACT,Intel Core i9-11900K @ 3.50GHz,3904,1.0,4796,HIGH,HIGH,,,
WI-0071,i9-11900KF,S3,24494,24493,-1,0.0041,V-DRIFT,3514,3514,0,0.0,V-EXACT,Intel Core i9-11900KF @ 3.50GHz,4240,1.0,1889,HIGH,HIGH,,,
WI-0072,i9-11900,S3,22340,22340,0,0.0,V-EXACT,3372,3372,0,0.0,V-EXACT,Intel Core i9-11900 @ 2.50GHz,4245,1.0,715,HIGH,HIGH,SIBLING_SUFFIX_INVERSION,SIBLING_SUFFIX_INVERSION,
WI-0073,i9-11900F,S3,22027,22027,0,0.0,V-EXACT,3418,3418,0,0.0,V-EXACT,Intel Core i9-11900F @ 2.50GHz,4267,1.0,582,HIGH,HIGH,SIBLING_SUFFIX_INVERSION,SIBLING_SUFFIX_INVERSION,
WI-0074,i9-11900T,S3,18349,18349,0,0.0,V-EXACT,3241,3241,0,0.0,V-EXACT,Intel Core i9-11900T @ 1.50GHz,4360,1.0,51,HIGH,HIGH,,,
WI-0075,i9-12900K,S4,41099,41099,0,0.0,V-EXACT,4128,4128,0,0.0,V-EXACT,Intel Core i9-12900K,4597,1.0,11552,HIGH,HIGH,,,
WI-0076,i9-12900KF,S4,40462,40462,0,0.0,V-EXACT,4118,4119,1,0.0243,V-DRIFT,Intel Core i9-12900KF,4611,1.0,3557,HIGH,HIGH,,,
WI-0077,i7-11700K,S3,24313,24312,-1,0.0041,V-DRIFT,3385,3385,0,0.0,V-EXACT,Intel Core i7-11700K @ 3.60GHz,3896,1.0,6279,HIGH,HIGH,,,
WI-0078,i7-11700KF,S3,23735,23733,-2,0.0084,V-DRIFT,3360,3360,0,0.0,V-EXACT,Intel Core i7-11700KF @ 3.60GHz,4234,1.0,2013,HIGH,HIGH,,,
WI-0079,i7-11700,S3,20588,20587,-1,0.0049,V-DRIFT,3256,3255,-1,0.0307,V-DRIFT,Intel Core i7-11700 @ 2.50GHz,3947,1.0,3519,HIGH,HIGH,,,
WI-0080,i7-11700F,S3,20751,20752,1,0.0048,V-DRIFT,3250,3253,3,0.0923,V-DRIFT,Intel Core i7-11700F @ 2.50GHz,4264,1.0,3026,HIGH,HIGH,,,
WI-0081,i7-11700T,S3,15187,15196,9,0.0593,V-DRIFT,2849,2847,-2,0.0702,V-DRIFT,Intel Core i7-11700T @ 1.40GHz,4558,1.0,156,HIGH,HIGH,,,
WI-0082,i7-12700K,S4,34240,34241,1,0.0029,V-DRIFT,4003,4003,0,0.0,V-EXACT,Intel Core i7-12700K,4609,1.0,12218,HIGH,HIGH,,,
WI-0083,i7-12700KF,S4,33912,33910,-2,0.0059,V-DRIFT,3979,3979,0,0.0,V-EXACT,Intel Core i7-12700KF,4608,1.0,6844,HIGH,HIGH,,,
WI-0084,i5-11600K,S3,19475,19475,0,0.0,V-EXACT,3335,3335,0,0.0,V-EXACT,Intel Core i5-11600K @ 3.90GHz,4236,1.0,2713,HIGH,HIGH,,,
WI-0085,i5-11600KF,S3,19389,19384,-5,0.0258,V-DRIFT,3327,3326,-1,0.0301,V-DRIFT,Intel Core i5-11600KF @ 3.90GHz,4261,1.0,901,HIGH,HIGH,,,
WI-0086,i5-11600,S3,17950,17950,0,0.0,V-EXACT,3281,3281,0,0.0,V-EXACT,Intel Core i5-11600 @ 2.80GHz,4306,1.0,483,HIGH,HIGH,,,
WI-0087,i5-11600T,S3,14649,14649,0,0.0,V-EXACT,2762,2762,0,0.0,V-EXACT,Intel Core i5-11600T @ 1.70GHz,4607,1.0,18,HIGH,HIGH,NEAR_IDENTICAL_OVERALL,,
WI-0088,i5-11500,S3,17057,17057,0,0.0,V-EXACT,3131,3131,0,0.0,V-EXACT,Intel Core i5-11500 @ 2.70GHz,4238,1.0,856,HIGH,HIGH,,,
WI-0089,i5-11500T,S3,12771,12771,0,0.0,V-EXACT,2534,2534,0,0.0,V-EXACT,Intel Core i5-11500T @ 1.50GHz,4526,1.0,125,HIGH,HIGH,,,
WI-0090,i5-11400,S3,16624,16622,-2,0.012,V-DRIFT,2982,2982,0,0.0,V-EXACT,Intel Core i5-11400 @ 2.60GHz,4233,1.0,4419,HIGH,HIGH,,,
WI-0091,i5-11400F,S3,16867,16867,0,0.0,V-EXACT,2979,2979,0,0.0,V-EXACT,Intel Core i5-11400F @ 2.60GHz,4226,1.0,6358,HIGH,HIGH,,,
WI-0092,i5-11400T,S3,13067,13067,0,0.0,V-EXACT,2483,2483,0,0.0,V-EXACT,Intel Core i5-11400T @ 1.30GHz,4406,1.0,105,HIGH,HIGH,,,
WI-0093,i5-12600K,S4,27500,27500,0,0.0,V-EXACT,3917,3917,0,0.0,V-EXACT,Intel Core i5-12600K,4603,1.0,7138,HIGH,HIGH,NEAR_IDENTICAL_OVERALL|SIBLING_SUFFIX_INVERSION,VALUE_COLLISION_SINGLE|SIBLING_SUFFIX_INVERSION,
WI-0094,i5-12600KF,S4,27501,27500,-1,0.0036,V-DRIFT,3916,3916,0,0.0,V-EXACT,Intel Core i5-12600KF,4625,1.0,4139,HIGH,HIGH,NEAR_IDENTICAL_OVERALL|SIBLING_SUFFIX_INVERSION,SIBLING_SUFFIX_INVERSION,
WI-0095,i3-10325,S2,10099,10099,0,0.0,V-EXACT,2866,2866,0,0.0,V-EXACT,Intel Core i3-10325 @ 3.90GHz,4685,1.0,8,HIGH,HIGH,,,
WI-0096,i3-10305,S2,9210,9210,0,0.0,V-EXACT,2765,2765,0,0.0,V-EXACT,Intel Core i3-10305 @ 3.80GHz,4369,1.0,23,HIGH,HIGH,,,
WI-0097,i3-10305T,S2,7821,7821,0,0.0,V-EXACT,2320,2320,0,0.0,V-EXACT,Intel Core i3-10305T @ 3.00GHz,4375,1.0,7,HIGH,HIGH,,,
WI-0098,i3-10105,S2,8282,8282,0,0.0,V-EXACT,2607,2607,0,0.0,V-EXACT,Intel Core i3-10105 @ 3.70GHz,4259,1.0,1194,HIGH,HIGH,F_VARIANT_ANOMALY,F_VARIANT_ANOMALY,
WI-0099,i3-10105F,S2,8860,8860,0,0.0,V-EXACT,2644,2643,-1,0.0378,V-DRIFT,Intel Core i3-10105F @ 3.70GHz,4175,1.0,1474,HIGH,HIGH,F_VARIANT_ANOMALY,F_VARIANT_ANOMALY,
WI-0100,i3-10105T,S2,7801,7801,0,0.0,V-EXACT,2355,2355,0,0.0,V-EXACT,Intel Core i3-10105T @ 3.00GHz,4401,1.0,111,HIGH,HIGH,,,
WI-0101,Pentium Gold G6605,S3p,4488,4488,0,0.0,V-EXACT,2608,2608,0,0.0,V-EXACT,Intel Pentium Gold G6605 @ 4.30GHz,4461,1.0,45,HIGH,HIGH,,,
WI-0102,Pentium Gold G6505,S3p,4371,4371,0,0.0,V-EXACT,2649,2649,0,0.0,V-EXACT,Intel Pentium Gold G6505 @ 4.20GHz,4467,1.0,3,HIGH,HIGH,,,
WI-0103,Pentium Gold G6505T,S3p,3698,3698,0,0.0,V-EXACT,2271,2271,0,0.0,V-EXACT,Intel Pentium Gold G6505T @ 3.60GHz,5120,1.0,1,HIGH,HIGH,,,
WI-0104,Pentium Gold G6405,S3p,3852,3853,1,0.026,V-DRIFT,2297,2298,1,0.0435,V-DRIFT,Intel Pentium Gold G6405 @ 4.10GHz,4367,1.0,359,HIGH,HIGH,,,
WI-0105,Pentium Gold G6405T,S3p,3128,3128,0,0.0,V-EXACT,1821,1821,0,0.0,V-EXACT,Intel Pentium Gold G6405T @ 3.50GHz,4368,1.0,5,HIGH,HIGH,,,
WI-0106,Celeron G5925,S2p,2879,2879,0,0.0,V-EXACT,2246,2246,0,0.0,V-EXACT,Intel Celeron G5925 @ 3.60GHz,4421,1.0,32,HIGH,HIGH,,,
WI-0107,Celeron G5905,S2p,2769,2769,0,0.0,V-EXACT,2149,2149,0,0.0,V-EXACT,Intel Celeron G5905 @ 3.50GHz,3848,1.0,223,HIGH,HIGH,,,
WI-0108,Celeron G5905T,S2p,2421,2421,0,0.0,V-EXACT,1931,1931,0,0.0,V-EXACT,Intel Celeron G5905T @ 3.30GHz,4335,1.0,27,HIGH,HIGH,,,
WI-0109,i9-12900KS,S4,43368,43363,-5,0.0115,V-DRIFT,4322,4322,0,0.0,V-EXACT,Intel Core i9-12900KS,4813,1.0,1454,HIGH,HIGH,,VALUE_COLLISION_SINGLE,
WI-0110,i9-12900,S4,33610,33610,0,0.0,V-EXACT,3995,4002,7,0.1752,V-DRIFT,Intel Core i9-12900,4729,1.0,1039,HIGH,HIGH,F_VARIANT_ANOMALY,F_VARIANT_ANOMALY,
WI-0111,i9-12900F,S4,35795,35791,-4,0.0112,V-DRIFT,4016,4016,0,0.0,V-EXACT,Intel Core i9-12900F,4694,1.0,502,HIGH,HIGH,F_VARIANT_ANOMALY,VALUE_COLLISION_SINGLE|F_VARIANT_ANOMALY,
WI-0112,i9-12900T,S4,28964,28964,0,0.0,V-EXACT,3738,3738,0,0.0,V-EXACT,Intel Core i9-12900T,4710,1.0,103,HIGH,HIGH,,,
WI-0113,i9-13900K,S5,58065,58063,-2,0.0034,V-DRIFT,4595,4595,0,0.0,V-EXACT,Intel Core i9-13900K,5022,1.0,12983,HIGH,HIGH,NEAR_IDENTICAL_OVERALL,,
WI-0114,i9-13900KF,S5,57426,57426,0,0.0,V-EXACT,4580,4580,0,0.0,V-EXACT,Intel Core i9-13900KF,5055,1.0,4813,HIGH,HIGH,,,
WI-0115,i7-12700,S4,29756,29755,-1,0.0034,V-DRIFT,3840,3840,0,0.0,V-EXACT,Intel Core i7-12700,4669,1.0,6993,HIGH,HIGH,,,
WI-0116,i7-12700F,S4,30146,30143,-3,0.01,V-DRIFT,3842,3842,0,0.0,V-EXACT,Intel Core i7-12700F,4692,1.0,4505,HIGH,HIGH,,,
WI-0117,i7-12700T,S4,21140,21140,0,0.0,V-EXACT,3465,3563,98,2.8283,V-DRIFT,Intel Core i7-12700T,4830,1.0,358,HIGH,HIGH,,,
WI-0118,i7-13700K,S5,45590,45592,2,0.0044,V-DRIFT,4380,4325,-55,1.2557,V-DRIFT,Intel Core i7-13700K,5060,1.0,8432,HIGH,HIGH,,,
WI-0119,i7-13700KF,S5,45525,45525,0,0.0,V-EXACT,4375,4329,-46,1.0514,V-DRIFT,Intel Core i7-13700KF,5061,1.0,4660,HIGH,HIGH,,,
WI-0120,i5-12600,S4,21279,21281,2,0.0094,V-DRIFT,3814,3814,0,0.0,V-EXACT,Intel Core i5-12600,4688,1.0,677,HIGH,HIGH,,,
WI-0121,i5-12600T,S4,17438,17438,0,0.0,V-EXACT,3544,3544,0,0.0,V-EXACT,Intel Core i5-12600T,4784,1.0,48,HIGH,HIGH,,,
WI-0122,i5-12500,S4,19682,19681,-1,0.0051,V-DRIFT,3645,3644,-1,0.0274,V-DRIFT,Intel Core i5-12500,4675,1.0,1905,HIGH,HIGH,,,
WI-0123,i5-12500T,S4,16324,16324,0,0.0,V-EXACT,3440,3440,0,0.0,V-EXACT,Intel Core i5-12500T,4804,1.0,808,HIGH,HIGH,,,
WI-0124,i5-12400,S4,18824,18824,0,0.0,V-EXACT,3466,3466,0,0.0,V-EXACT,Intel Core i5-12400,4677,1.0,6923,HIGH,HIGH,,,
WI-0125,i5-12400F,S4,19539,19538,-1,0.0051,V-DRIFT,3485,3485,0,0.0,V-EXACT,Intel Core i5-12400F,4681,1.0,17870,HIGH,HIGH,,,
WI-0126,i5-12400T,S4,15558,15558,0,0.0,V-EXACT,3333,3333,0,0.0,V-EXACT,Intel Core i5-12400T,4980,1.0,220,HIGH,HIGH,,,
WI-0127,i5-13600K,S5,37441,37439,-2,0.0053,V-DRIFT,4110,4110,0,0.0,V-EXACT,Intel Core i5-13600K,5008,1.0,5200,HIGH,HIGH,,,
WI-0128,i5-13600KF,S5,37304,37305,1,0.0027,V-DRIFT,4111,4111,0,0.0,V-EXACT,Intel Core i5-13600KF,5059,1.0,4608,HIGH,HIGH,,,
WI-0129,i3-12300,S4,14382,14382,0,0.0,V-EXACT,3556,3556,0,0.0,V-EXACT,Intel Core i3-12300,4746,1.0,53,HIGH,HIGH,,,
WI-0130,i3-12300T,S4,13077,13077,0,0.0,V-EXACT,3363,3363,0,0.0,V-EXACT,Intel Core i3-12300T,5109,1.0,25,HIGH,HIGH,,,
WI-0131,i3-12100,S4,12523,12523,0,0.0,V-EXACT,3244,3243,-1,0.0308,V-DRIFT,Intel Core i3-12100,4687,1.0,3192,HIGH,HIGH,F_VARIANT_ANOMALY,F_VARIANT_ANOMALY,
WI-0132,i3-12100F,S4,13954,13954,0,0.0,V-EXACT,3432,3432,0,0.0,V-EXACT,Intel Core i3-12100F,4670,1.0,4078,HIGH,HIGH,F_VARIANT_ANOMALY,F_VARIANT_ANOMALY,
WI-0133,i3-12100T,S4,12349,12349,0,0.0,V-EXACT,3216,3216,0,0.0,V-EXACT,Intel Core i3-12100T,4802,1.0,146,HIGH,HIGH,,,
WI-0134,Pentium Gold G7400,S4p,6707,6707,0,0.0,V-EXACT,2984,2984,0,0.0,V-EXACT,Intel Pentium Gold G7400,4732,1.0,182,HIGH,HIGH,NEAR_IDENTICAL_OVERALL,VALUE_COLLISION_SINGLE,
WI-0135,Pentium Gold G7400T,S4p,5274,5274,0,0.0,V-EXACT,2348,2348,0,0.0,V-EXACT,Intel Pentium Gold G7400T,4882,1.0,29,HIGH,HIGH,,,
WI-0136,Celeron G6900,S4p,4475,4472,-3,0.067,V-DRIFT,2669,2666,-3,0.1124,V-DRIFT,Intel Celeron G6900,4709,1.0,156,HIGH,HIGH,,,
WI-0137,Celeron G6900T,S4p,3668,3668,0,0.0,V-EXACT,2280,2280,0,0.0,V-EXACT,Intel Celeron G6900T,4927,1.0,16,HIGH,HIGH,,,
WI-0138,i9-13900KS,S5,60385,60385,0,0.0,V-EXACT,4715,4715,0,0.0,V-EXACT,Intel Core i9-13900KS,5160,1.0,1648,HIGH,HIGH,,,
WI-0139,i9-13900,S5,44552,44552,0,0.0,V-EXACT,4350,4281,-69,1.5862,V-DRIFT,Intel Core i9-13900,5176,1.0,849,HIGH,HIGH,F_VARIANT_ANOMALY,F_VARIANT_ANOMALY,
WI-0140,i9-13900F,S5,48071,48071,0,0.0,V-EXACT,4398,4398,0,0.0,V-EXACT,Intel Core i9-13900F,5143,1.0,509,HIGH,HIGH,F_VARIANT_ANOMALY,F_VARIANT_ANOMALY,
WI-0141,i9-13900T,S5,42839,42839,0,0.0,V-EXACT,4050,4168,118,2.9136,V-DRIFT,Intel Core i9-13900T,5154,1.0,172,HIGH,HIGH,,,
WI-0142,i9-14900K,S6,58196,58193,-3,0.0052,V-DRIFT,4690,4690,0,0.0,V-EXACT,Intel Core i9-14900K,5717,1.0,13752,HIGH,HIGH,,,
WI-0143,i9-14900KF,S6,58064,58064,0,0.0,V-EXACT,4687,4687,0,0.0,V-EXACT,Intel Core i9-14900KF,5684,1.0,7683,HIGH,HIGH,NEAR_IDENTICAL_OVERALL,,
WI-0144,i7-13700,S5,35839,35839,0,0.0,V-EXACT,4091,4091,0,0.0,V-EXACT,Intel Core i7-13700,4992,1.0,2776,HIGH,HIGH,F_VARIANT_ANOMALY,F_VARIANT_ANOMALY,
WI-0145,i7-13700F,S5,37739,37738,-1,0.0026,V-DRIFT,4140,4118,-22,0.5314,V-DRIFT,Intel Core i7-13700F,5163,1.0,2884,HIGH,HIGH,F_VARIANT_ANOMALY,F_VARIANT_ANOMALY,
WI-0146,i7-13700T,S5,27224,27224,0,0.0,V-EXACT,3804,3804,0,0.0,V-EXACT,Intel Core i7-13700T,5223,1.0,308,HIGH,HIGH,,,
WI-0147,i7-14700K,S6,51919,51920,1,0.0019,V-DRIFT,4454,4454,0,0.0,V-EXACT,Intel Core i7-14700K,5719,1.0,8858,HIGH,HIGH,SIBLING_SUFFIX_INVERSION,SIBLING_SUFFIX_INVERSION,
WI-0148,i7-14700KF,S6,51925,51927,2,0.0039,V-DRIFT,4450,4466,16,0.3596,V-DRIFT,Intel Core i7-14700KF,5723,1.0,6689,HIGH,HIGH,SIBLING_SUFFIX_INVERSION,SIBLING_SUFFIX_INVERSION,
WI-0149,i5-13600,S5,31048,31048,0,0.0,V-EXACT,4021,4021,0,0.0,V-EXACT,Intel Core i5-13600,5159,1.0,156,HIGH,HIGH,,,
WI-0150,i5-13600T,S5,27716,27716,0,0.0,V-EXACT,3767,3767,0,0.0,V-EXACT,Intel Core i5-13600T,5175,1.0,106,HIGH,HIGH,,,
WI-0151,i5-13500,S5,30729,30729,0,0.0,V-EXACT,3853,3853,0,0.0,V-EXACT,Intel Core i5-13500,4993,1.0,3312,HIGH,HIGH,,,
WI-0152,i5-13500T,S5,22436,22437,1,0.0045,V-DRIFT,3550,3578,28,0.7887,V-DRIFT,Intel Core i5-13500T,5239,1.0,593,HIGH,HIGH,,,
WI-0153,i5-13400,S5,23893,23890,-3,0.0126,V-DRIFT,3584,3584,0,0.0,V-EXACT,Intel Core i5-13400,4994,1.0,2094,HIGH,HIGH,,,
WI-0154,i5-13400F,S5,24877,24877,0,0.0,V-EXACT,3628,3629,1,0.0276,V-DRIFT,Intel Core i5-13400F,5166,1.0,5287,HIGH,HIGH,,,
WI-0155,i5-13400T,S5,20066,20066,0,0.0,V-EXACT,3472,3472,0,0.0,V-EXACT,Intel Core i5-13400T,5328,1.0,77,HIGH,HIGH,,,
WI-0156,i5-14600K,S6,38357,38357,0,0.0,V-EXACT,4264,4264,0,0.0,V-EXACT,Intel Core i5-14600K,5720,1.0,4446,HIGH,HIGH,,,
WI-0157,i5-14600KF,S6,38231,38232,1,0.0026,V-DRIFT,4250,4252,2,0.0471,V-DRIFT,Intel Core i5-14600KF,5722,1.0,4595,HIGH,HIGH,,,
WI-0158,i3-13100,S5,14099,14097,-2,0.0142,V-DRIFT,3538,3538,0,0.0,V-EXACT,Intel Core i3-13100,5170,1.0,690,HIGH,HIGH,,,
WI-0159,i3-13100F,S5,14651,14651,0,0.0,V-EXACT,3599,3599,0,0.0,V-EXACT,Intel Core i3-13100F,5156,1.0,679,HIGH,HIGH,NEAR_IDENTICAL_OVERALL,,
WI-0160,i3-13100T,S5,12738,12738,0,0.0,V-EXACT,3359,3359,0,0.0,V-EXACT,Intel Core i3-13100T,5295,1.0,109,HIGH,HIGH,,,
WI-0161,Core Ultra 9 285K,S7,67219,67220,1,0.0015,V-DRIFT,5085,5085,0,0.0,V-EXACT,Intel Core Ultra 9 285K,6296,1.0,8960,HIGH,HIGH,,,
WI-0162,i9-14900KS,S6,59858,59854,-4,0.0067,V-DRIFT,4807,4807,0,0.0,V-EXACT,Intel Core i9-14900KS,5957,1.0,1647,HIGH,HIGH,,,
WI-0163,i9-14900,S6,44530,44530,0,0.0,V-EXACT,4322,4322,0,0.0,V-EXACT,Intel Core i9-14900,5886,1.0,973,HIGH,HIGH,,VALUE_COLLISION_SINGLE,
WI-0164,i9-14900F,S6,46439,46439,0,0.0,V-EXACT,4508,4508,0,0.0,V-EXACT,Intel Core i9-14900F,5833,1.0,662,HIGH,HIGH,,,
WI-0165,i9-14900T,S6,36239,36239,0,0.0,V-EXACT,4016,4016,0,0.0,V-EXACT,Intel Core i9-14900T,5903,1.0,67,HIGH,HIGH,,VALUE_COLLISION_SINGLE,
WI-0166,Core Ultra 7 265K,S7,58567,58568,1,0.0017,V-DRIFT,4928,4928,0,0.0,V-EXACT,Intel Core Ultra 7 265K,6326,1.0,8498,HIGH,HIGH,,,
WI-0167,Core Ultra 7 265KF,S7,58447,58440,-7,0.012,V-DRIFT,4925,4925,0,0.0,V-EXACT,Intel Core Ultra 7 265KF,6338,1.0,3934,HIGH,HIGH,,,
WI-0168,i7-14700,S6,40195,40196,1,0.0025,V-DRIFT,4232,4232,0,0.0,V-EXACT,Intel Core i7-14700,5852,1.0,3997,HIGH,HIGH,,,
WI-0169,i7-14700F,S6,41275,41271,-4,0.0097,V-DRIFT,4256,4255,-1,0.0235,V-DRIFT,Intel Core i7-14700F,5834,1.0,4778,HIGH,HIGH,,,
WI-0170,i7-14700T,S6,30821,30819,-2,0.0065,V-DRIFT,3917,3918,1,0.0255,V-DRIFT,Intel Core i7-14700T,6112,1.0,258,HIGH,HIGH,,VALUE_COLLISION_SINGLE,
WI-0171,Core Ultra 5 245K,S7,43048,43044,-4,0.0093,V-DRIFT,4716,4716,0,0.0,V-EXACT,Intel Core Ultra 5 245K,6324,1.0,1107,HIGH,HIGH,,,
WI-0172,Core Ultra 5 245KF,S7,43024,43032,8,0.0186,V-DRIFT,4713,4714,1,0.0212,V-DRIFT,Intel Core Ultra 5 245KF,6336,1.0,752,HIGH,HIGH,,,
WI-0173,i5-14600,S6,35803,35803,0,0.0,V-EXACT,4161,4161,0,0.0,V-EXACT,Intel Core i5-14600,5865,1.0,497,HIGH,HIGH,,,
WI-0174,i5-14600T,S6,26409,26409,0,0.0,V-EXACT,3744,3744,0,0.0,V-EXACT,Intel Core i5-14600T,5994,1.0,53,HIGH,HIGH,,,
WI-0175,i5-14500,S6,30706,30706,0,0.0,V-EXACT,3948,3948,0,0.0,V-EXACT,Intel Core i5-14500,5835,1.0,2391,HIGH,HIGH,,,
WI-0176,i5-14500T,S6,22869,22869,0,0.0,V-EXACT,3742,3742,0,0.0,V-EXACT,Intel Core i5-14500T,5889,1.0,625,HIGH,HIGH,,,
WI-0177,i5-14400,S6,25032,25037,5,0.02,V-DRIFT,3740,3741,1,0.0267,V-DRIFT,Intel Core i5-14400,5868,1.0,2203,HIGH,HIGH,,,
WI-0178,i5-14400F,S6,25417,25415,-2,0.0079,V-DRIFT,3700,3700,0,0.0,V-EXACT,Intel Core i5-14400F,5837,1.0,6407,HIGH,HIGH,,,
WI-0179,i5-14400T,S6,20358,20358,0,0.0,V-EXACT,3511,3511,0,0.0,V-EXACT,Intel Core i5-14400T,6039,1.0,142,HIGH,HIGH,,,
WI-0180,i3-14100,S6,15086,15086,0,0.0,V-EXACT,3759,3759,0,0.0,V-EXACT,Intel Core i3-14100,5831,1.0,682,HIGH,HIGH,,,
WI-0181,i3-14100F,S6,15403,15399,-4,0.026,V-DRIFT,3775,3775,0,0.0,V-EXACT,Intel Core i3-14100F,5853,1.0,608,HIGH,HIGH,,,
WI-0182,i3-14100T,S6,13679,13679,0,0.0,V-EXACT,3498,3498,0,0.0,V-EXACT,Intel Core i3-14100T,6134,1.0,111,HIGH,HIGH,,,
WI-0183,Intel Processor 300,S7,7246,7246,0,0.0,V-EXACT,3200,3200,0,0.0,V-EXACT,Intel 300,5862,0.99,37,MEDIUM,MEDIUM,,,
WI-0184,Intel Processor 300T,S7,5627,5627,0,0.0,V-EXACT,2702,2702,0,0.0,V-EXACT,Intel 300T,6472,0.99,6,MEDIUM,MEDIUM,,,
WI-0185,Core Ultra 9 285,S7,57842,57847,5,0.0086,V-DRIFT,4908,4908,0,0.0,V-EXACT,Intel Core Ultra 9 285,6443,1.0,1011,HIGH,HIGH,,,
WI-0186,Core Ultra 9 285T,S7,39668,39668,0,0.0,V-EXACT,4581,4581,0,0.0,V-EXACT,Intel Core Ultra 9 285T,6510,1.0,43,HIGH,HIGH,,,
WI-0187,Core Ultra 7 265,S7,49684,49684,0,0.0,V-EXACT,4694,4695,1,0.0213,V-DRIFT,Intel Core Ultra 7 265,6423,1.0,2154,HIGH,HIGH,SIBLING_SUFFIX_INVERSION,SIBLING_SUFFIX_INVERSION,
WI-0188,Core Ultra 7 265F,S7,49500,49497,-3,0.0061,V-DRIFT,4756,4756,0,0.0,V-EXACT,Intel Core Ultra 7 265F,6558,1.0,950,HIGH,HIGH,SIBLING_SUFFIX_INVERSION,SIBLING_SUFFIX_INVERSION,
WI-0189,Core Ultra 7 265T,S7,36948,37052,104,0.2815,V-DRIFT,4356,4360,4,0.0918,V-DRIFT,Intel Core Ultra 7 265T,6687,1.0,166,HIGH,HIGH,,,
WI-0190,Core Ultra 5 245,S7,39104,39104,0,0.0,V-EXACT,4438,4438,0,0.0,V-EXACT,Intel Core Ultra 5 245,6675,1.0,76,HIGH,HIGH,,,
WI-0191,Core Ultra 5 245T,S7,30071,30071,0,0.0,V-EXACT,4282,4282,0,0.0,V-EXACT,Intel Core Ultra 5 245T,6637,1.0,40,HIGH,HIGH,,,
WI-0192,Core Ultra 5 235,S7,36294,36316,22,0.0606,V-DRIFT,4381,4382,1,0.0228,V-DRIFT,Intel Core Ultra 5 235,6526,1.0,971,HIGH,HIGH,,,
WI-0193,Core Ultra 5 235T,S7,30839,30841,2,0.0065,V-DRIFT,4344,4345,1,0.023,V-DRIFT,Intel Core Ultra 5 235T,6650,1.0,347,HIGH,HIGH,,,
WI-0194,Core Ultra 5 225,S7,30309,30310,1,0.0033,V-DRIFT,4411,4409,-2,0.0453,V-DRIFT,Intel Core Ultra 5 225,6469,1.0,1119,HIGH,HIGH,,,
WI-0195,Core Ultra 5 225F,S7,30938,30935,-3,0.0097,V-DRIFT,4399,4396,-3,0.0682,V-DRIFT,Intel Core Ultra 5 225F,6457,1.0,785,HIGH,HIGH,,,
