CPU Model,Passmark (Overall),Passmark (Single Thread),Live Overall,Live Single Thread,Overall Disposition,Single Disposition,Overall Delta%,Single Delta%,PassMark Name,PassMark ID,Notes
i9-9900KS,"19,345","3,025","19,345","3,025",V-EXACT,V-EXACT,0.0000%,0.0000%,Intel Core i9-9900KS @ 4.00GHz,3593,WATCHLIST_ST:VALUE_COLLISION_SINGLE
i9-9900KF,"17,992","2,899","17,991","2,899",V-DRIFT,V-EXACT,0.0056%,0.0000%,Intel Core i9-9900KF @ 3.60GHz,3435,
i9-9900,"16,276","2,796","16,276","2,795",V-EXACT,V-DRIFT,0.0000%,0.0358%,Intel Core i9-9900 @ 3.10GHz,3487,
i9-9900T,"13,044","2,453","13,044","2,453",V-EXACT,V-EXACT,0.0000%,0.0000%,Intel Core i9-9900T @ 2.10GHz,3599,
i9-10980XE,"31,932","2,658","31,932","2,658",V-EXACT,V-EXACT,0.0000%,0.0000%,Intel Core i9-10980XE @ 3.00GHz,3630,
i9-10940X,"27,636","2,662","27,636","2,662",V-EXACT,V-EXACT,0.0000%,0.0000%,Intel Core i9-10940X @ 3.30GHz,3639,
i9-10920X,"25,720","2,705","25,720","2,705",V-EXACT,V-EXACT,0.0000%,0.0000%,Intel Core i9-10920X @ 3.50GHz,3632,
i9-10900X,"22,266","2,663","22,266","2,663",V-EXACT,V-EXACT,0.0000%,0.0000%,Intel Core i9-10900X @ 3.70GHz,3633,
i7-9700KF,"14,244","2,853","14,244","2,852",V-EXACT,V-DRIFT,0.0000%,0.0351%,Intel Core i7-9700KF @ 3.60GHz,3428,WATCHLIST:VALUE_COLLISION_OVERALL
i7-9700F,"13,160","2,734","13,161","2,734",V-DRIFT,V-EXACT,0.0076%,0.0000%,Intel Core i7-9700F @ 3.00GHz,3465,WATCHLIST:SIBLING_SUFFIX_INVERSION; WATCHLIST_ST:SIBLING_SUFFIX_INVERSION
i7-9700,"13,172","2,743","13,172","2,743",V-EXACT,V-EXACT,0.0000%,0.0000%,Intel Core i7-9700 @ 3.00GHz,3477,WATCHLIST:SIBLING_SUFFIX_INVERSION; WATCHLIST_ST:SIBLING_SUFFIX_INVERSION
i7-9700T,"10,575","2,417","10,575","2,417",V-EXACT,V-EXACT,0.0000%,0.0000%,Intel Core i7-9700T @ 2.00GHz,3506,
i5-9600KF,"10,642","2,709","10,642","2,709",V-EXACT,V-EXACT,0.0000%,0.0000%,Intel Core i5-9600KF @ 3.70GHz,3443,
i5-9600T,"9,571","2,416","9,571","2,416",V-EXACT,V-EXACT,0.0000%,0.0000%,Intel Core i5-9600T @ 2.30GHz,3602,
i5-9500,"9,844","2,566","9,845","2,566",V-DRIFT,V-EXACT,0.0102%,0.0000%,Intel Core i5-9500 @ 3.00GHz,3444,
i5-9500F,"9,972","2,569","9,972","2,569",V-EXACT,V-EXACT,0.0000%,0.0000%,Intel Core i5-9500F @ 3.00GHz,3511,
i5-9500T,"8,027","2,110","8,029","2,110",V-DRIFT,V-EXACT,0.0249%,0.0000%,Intel Core i5-9500T @ 2.20GHz,3454,
i5-9400,"9,352","2,412","9,351","2,412",V-DRIFT,V-EXACT,0.0107%,0.0000%,Intel Core i5-9400 @ 2.90GHz,3414,
i5-9400F,"9,461","2,420","9,462","2,420",V-DRIFT,V-EXACT,0.0106%,0.0000%,Intel Core i5-9400F @ 2.90GHz,3397,
i5-9400T,"8,103","2,059","8,103","2,059",V-EXACT,V-EXACT,0.0000%,0.0000%,Intel Core i5-9400T @ 1.80GHz,3513,
i3-9350KF,"7,482","2,681","7,482","2,681",V-EXACT,V-EXACT,0.0000%,0.0000%,Intel Core i3-9350KF @ 4.00GHz,3459,WATCHLIST_ST:VALUE_COLLISION_SINGLE
i3-9350K,"7,596","2,731","7,596","2,731",V-EXACT,V-EXACT,0.0000%,0.0000%,Intel Core i3-9350K @ 4.00GHz,3709,
i3-9320,"7,358","2,711","7,358","2,711",V-EXACT,V-EXACT,0.0000%,0.0000%,Intel Core i3-9320 @ 3.70GHz,3539,
i3-9300,"7,070","2,533","7,070","2,533",V-EXACT,V-EXACT,0.0000%,0.0000%,Intel Core i3-9300 @ 3.70GHz,3510,
i3-9300T,"6,328","2,303","6,328","2,303",V-EXACT,V-EXACT,0.0000%,0.0000%,Intel Core i3-9300T @ 3.20GHz,3509,
i3-9100,"6,624","2,467","6,624","2,467",V-EXACT,V-EXACT,0.0000%,0.0000%,Intel Core i3-9100 @ 3.60GHz,3479,
i3-9100F,"6,704","2,480","6,704","2,480",V-EXACT,V-EXACT,0.0000%,0.0000%,Intel Core i3-9100F @ 3.60GHz,3461,WATCHLIST:NEAR_IDENTICAL_OVERALL
i3-9100T,"5,633","2,116","5,633","2,115",V-EXACT,V-DRIFT,0.0000%,0.0473%,Intel Core i3-9100T @ 3.10GHz,3488,
Pentium Gold G5620,"4,251","2,443","4,251","2,443",V-EXACT,V-EXACT,0.0000%,0.0000%,Intel Pentium Gold G5620 @ 4.00GHz,3626,
Pentium Gold G5600T,"3,496","2,000","3,496","2,000",V-EXACT,V-EXACT,0.0000%,0.0000%,Intel Pentium Gold G5600T @ 3.30GHz,4716,
Pentium Gold G5420,"3,749","2,205","3,749","2,205",V-EXACT,V-EXACT,0.0000%,0.0000%,Intel Pentium Gold G5420 @ 3.80GHz,3471,
Pentium Gold G5420T,"3,330","1,899","3,330","1,899",V-EXACT,V-EXACT,0.0000%,0.0000%,Intel Pentium Gold G5420T @ 3.20GHz,3589,
Celeron G4950,"2,714","2,041","2,714","2,041",V-EXACT,V-EXACT,0.0000%,0.0000%,Intel Celeron G4950 @ 3.30GHz,4210,
Celeron G4930,"2,502","1,896","2,502","1,896",V-EXACT,V-EXACT,0.0000%,0.0000%,Intel Celeron G4930 @ 3.20GHz,3557,
Celeron G4930T,"2,287","1,773","2,287","1,773",V-EXACT,V-EXACT,0.0000%,0.0000%,Intel Celeron G4930T @ 3.00GHz,3788,
i9-10900K,"22,218","3,106","22,218","3,106",V-EXACT,V-EXACT,0.0000%,0.0000%,Intel Core i9-10900K @ 3.70GHz,3730,
i9-10900KF,"22,132","3,119","22,132","3,119",V-EXACT,V-EXACT,0.0000%,0.0000%,Intel Core i9-10900KF @ 3.70GHz,3754,
i9-10900,"19,053","2,984","19,053","2,984",V-EXACT,V-EXACT,0.0000%,0.0000%,Intel Core i9-10900 @ 2.80GHz,3745,WATCHLIST_ST:VALUE_COLLISION_SINGLE
i9-10900F,"19,675","3,025","19,675","3,025",V-EXACT,V-EXACT,0.0000%,0.0000%,Intel Core i9-10900F @ 2.80GHz,3798,WATCHLIST_ST:VALUE_COLLISION_SINGLE
i9-10900T,"14,714","2,519","14,714","2,519",V-EXACT,V-EXACT,0.0000%,0.0000%,Intel Core i9-10900T @ 1.90GHz,3751,
i9-10850K,"21,859","3,066","21,859","3,066",V-EXACT,V-EXACT,0.0000%,0.0000%,Intel Core i9-10850K @ 3.60GHz,3824,
i7-10700K,"18,488","3,035","18,486","3,035",V-DRIFT,V-EXACT,0.0108%,0.0000%,Intel Core i7-10700K @ 3.80GHz,3733,
i7-10700KF,"18,273","3,021","18,272","3,021",V-DRIFT,V-EXACT,0.0055%,0.0000%,Intel Core i7-10700KF @ 3.80GHz,3757,
i7-10700,"15,972","2,879","15,971","2,879",V-DRIFT,V-EXACT,0.0063%,0.0000%,Intel Core i7-10700 @ 2.90GHz,3747,
i7-10700F,"16,086","2,870","16,086","2,870",V-EXACT,V-EXACT,0.0000%,0.0000%,Intel Core i7-10700F @ 2.90GHz,3806,
i7-10700T,"12,823","2,567","12,812","2,565",V-DRIFT,V-DRIFT,0.0858%,0.0779%,Intel Core i7-10700T @ 2.00GHz,3792,
i5-10600K,"14,244","2,910","14,243","2,910",V-DRIFT,V-EXACT,0.0070%,0.0000%,Intel Core i5-10600K @ 4.10GHz,3735,WATCHLIST:VALUE_COLLISION_OVERALL
i5-10600KF,"14,110","2,905","14,108","2,905",V-DRIFT,V-EXACT,0.0142%,0.0000%,Intel Core i5-10600KF @ 4.10GHz,3810,
i5-10600,"13,524","2,907","13,524","2,907",V-EXACT,V-EXACT,0.0000%,0.0000%,Intel Core i5-10600 @ 3.30GHz,3750,
i5-10600T,"11,519","2,464","11,519","2,464",V-EXACT,V-EXACT,0.0000%,0.0000%,Intel Core i5-10600T @ 2.40GHz,3834,
i5-10500,"12,889","2,779","12,888","2,780",V-DRIFT,V-DRIFT,0.0078%,0.0360%,Intel Core i5-10500 @ 3.10GHz,3749,
i5-10500T,"10,237","2,284","10,237","2,284",V-EXACT,V-EXACT,0.0000%,0.0000%,Intel Core i5-10500T @ 2.30GHz,3768,
i5-10400,"11,962","2,556","11,961","2,556",V-DRIFT,V-EXACT,0.0084%,0.0000%,Intel Core i5-10400 @ 2.90GHz,3737,
i5-10400F,"12,091","2,540","12,090","2,540",V-DRIFT,V-EXACT,0.0083%,0.0000%,Intel Core i5-10400F @ 2.90GHz,3767,
i5-10400T,"9,778","2,126","9,769","2,125",V-DRIFT,V-DRIFT,0.0920%,0.0470%,Intel Core i5-10400T @ 2.00GHz,3826,
i3-10320,"9,937","2,824","9,937","2,824",V-EXACT,V-EXACT,0.0000%,0.0000%,Intel Core i3-10320 @ 3.80GHz,3890,
i3-10300,"9,295","2,681","9,295","2,681",V-EXACT,V-EXACT,0.0000%,0.0000%,Intel Core i3-10300 @ 3.70GHz,3765,WATCHLIST_ST:VALUE_COLLISION_SINGLE
i3-10300T,"7,876","2,291","7,876","2,291",V-EXACT,V-EXACT,0.0000%,0.0000%,Intel Core i3-10300T @ 3.00GHz,3838,
i3-10100,"8,473","2,586","8,473","2,586",V-EXACT,V-EXACT,0.0000%,0.0000%,Intel Core i3-10100 @ 3.60GHz,3717,
i3-10100F,"8,702","2,579","8,702","2,579",V-EXACT,V-EXACT,0.0000%,0.0000%,Intel Core i3-10100F @ 3.60GHz,3863,
i3-10100T,"7,343","2,254","7,343","2,254",V-EXACT,V-EXACT,0.0000%,0.0000%,Intel Core i3-10100T @ 3.00GHz,3796,
Pentium Gold G6600,"4,223","2,513","4,223","2,513",V-EXACT,V-EXACT,0.0000%,0.0000%,Intel Pentium Gold G6600 @ 4.20GHz,4168,
Pentium Gold G6500,"4,210","2,463","4,210","2,463",V-EXACT,V-EXACT,0.0000%,0.0000%,Intel Pentium Gold G6500 @ 4.10GHz,3857,
Pentium Gold G6500T,"3,764","2,227","3,764","2,227",V-EXACT,V-EXACT,0.0000%,0.0000%,Intel Pentium Gold G6500T @ 3.50GHz,4182,
Pentium Gold G6400,"4,065","2,430","4,065","2,430",V-EXACT,V-EXACT,0.0000%,0.0000%,Intel Pentium Gold G6400 @ 4.00GHz,3805,
Pentium Gold G6400T,"3,565","2,102","3,565","2,102",V-EXACT,V-EXACT,0.0000%,0.0000%,Intel Pentium Gold G6400T @ 3.40GHz,4308,
Celeron G5920,"2,667","2,141","2,667","2,141",V-EXACT,V-EXACT,0.0000%,0.0000%,Intel Celeron G5920 @ 3.50GHz,3887,
Celeron G5900,"2,662","2,089","2,662","2,089",V-EXACT,V-EXACT,0.0000%,0.0000%,Intel Celeron G5900 @ 3.40GHz,3761,
Celeron G5900T,"2,192","1,713","2,192","1,713",V-EXACT,V-EXACT,0.0000%,0.0000%,Intel Celeron G5900T @ 3.20GHz,4557,
i9-11900K,"24,890","3,501","24,890","3,501",V-EXACT,V-EXACT,0.0000%,0.0000%,Intel Core i9-11900K @ 3.50GHz,3904,
i9-11900KF,"24,494","3,514","24,493","3,514",V-DRIFT,V-EXACT,0.0041%,0.0000%,Intel Core i9-11900KF @ 3.50GHz,4240,
i9-11900,"22,340","3,372","22,340","3,372",V-EXACT,V-EXACT,0.0000%,0.0000%,Intel Core i9-11900 @ 2.50GHz,4245,WATCHLIST:SIBLING_SUFFIX_INVERSION; WATCHLIST_ST:SIBLING_SUFFIX_INVERSION
i9-11900F,"22,027","3,418","22,027","3,418",V-EXACT,V-EXACT,0.0000%,0.0000%,Intel Core i9-11900F @ 2.50GHz,4267,WATCHLIST:SIBLING_SUFFIX_INVERSION; WATCHLIST_ST:SIBLING_SUFFIX_INVERSION
i9-11900T,"18,349","3,241","18,349","3,241",V-EXACT,V-EXACT,0.0000%,0.0000%,Intel Core i9-11900T @ 1.50GHz,4360,
i9-12900K,"41,099","4,128","41,099","4,128",V-EXACT,V-EXACT,0.0000%,0.0000%,Intel Core i9-12900K,4597,
i9-12900KF,"40,462","4,118","40,462","4,119",V-EXACT,V-DRIFT,0.0000%,0.0243%,Intel Core i9-12900KF,4611,
i7-11700K,"24,313","3,385","24,312","3,385",V-DRIFT,V-EXACT,0.0041%,0.0000%,Intel Core i7-11700K @ 3.60GHz,3896,
i7-11700KF,"23,735","3,360","23,733","3,360",V-DRIFT,V-EXACT,0.0084%,0.0000%,Intel Core i7-11700KF @ 3.60GHz,4234,
i7-11700,"20,588","3,256","20,587","3,255",V-DRIFT,V-DRIFT,0.0049%,0.0307%,Intel Core i7-11700 @ 2.50GHz,3947,
i7-11700F,"20,751","3,250","20,752","3,253",V-DRIFT,V-DRIFT,0.0048%,0.0923%,Intel Core i7-11700F @ 2.50GHz,4264,
i7-11700T,"15,187","2,849","15,196","2,847",V-DRIFT,V-DRIFT,0.0593%,0.0702%,Intel Core i7-11700T @ 1.40GHz,4558,
i7-12700K,"34,240","4,003","34,241","4,003",V-DRIFT,V-EXACT,0.0029%,0.0000%,Intel Core i7-12700K,4609,
i7-12700KF,"33,912","3,979","33,910","3,979",V-DRIFT,V-EXACT,0.0059%,0.0000%,Intel Core i7-12700KF,4608,
i5-11600K,"19,475","3,335","19,475","3,335",V-EXACT,V-EXACT,0.0000%,0.0000%,Intel Core i5-11600K @ 3.90GHz,4236,
i5-11600KF,"19,389","3,327","19,384","3,326",V-DRIFT,V-DRIFT,0.0258%,0.0301%,Intel Core i5-11600KF @ 3.90GHz,4261,
i5-11600,"17,950","3,281","17,950","3,281",V-EXACT,V-EXACT,0.0000%,0.0000%,Intel Core i5-11600 @ 2.80GHz,4306,
i5-11600T,"14,649","2,762","14,649","2,762",V-EXACT,V-EXACT,0.0000%,0.0000%,Intel Core i5-11600T @ 1.70GHz,4607,WATCHLIST:NEAR_IDENTICAL_OVERALL
i5-11500,"17,057","3,131","17,057","3,131",V-EXACT,V-EXACT,0.0000%,0.0000%,Intel Core i5-11500 @ 2.70GHz,4238,
i5-11500T,"12,771","2,534","12,771","2,534",V-EXACT,V-EXACT,0.0000%,0.0000%,Intel Core i5-11500T @ 1.50GHz,4526,
i5-11400,"16,624","2,982","16,622","2,982",V-DRIFT,V-EXACT,0.0120%,0.0000%,Intel Core i5-11400 @ 2.60GHz,4233,
i5-11400F,"16,867","2,979","16,867","2,979",V-EXACT,V-EXACT,0.0000%,0.0000%,Intel Core i5-11400F @ 2.60GHz,4226,
i5-11400T,"13,067","2,483","13,067","2,483",V-EXACT,V-EXACT,0.0000%,0.0000%,Intel Core i5-11400T @ 1.30GHz,4406,
i5-12600K,"27,500","3,917","27,500","3,917",V-EXACT,V-EXACT,0.0000%,0.0000%,Intel Core i5-12600K,4603,WATCHLIST:NEAR_IDENTICAL_OVERALL|SIBLING_SUFFIX_INVERSION; WATCHLIST_ST:VALUE_COLLISION_SINGLE|SIBLING_SUFFIX_INVERSION
i5-12600KF,"27,501","3,916","27,500","3,916",V-DRIFT,V-EXACT,0.0036%,0.0000%,Intel Core i5-12600KF,4625,WATCHLIST:NEAR_IDENTICAL_OVERALL|SIBLING_SUFFIX_INVERSION; WATCHLIST_ST:SIBLING_SUFFIX_INVERSION
i3-10325,"10,099","2,866","10,099","2,866",V-EXACT,V-EXACT,0.0000%,0.0000%,Intel Core i3-10325 @ 3.90GHz,4685,
i3-10305,"9,210","2,765","9,210","2,765",V-EXACT,V-EXACT,0.0000%,0.0000%,Intel Core i3-10305 @ 3.80GHz,4369,
i3-10305T,"7,821","2,320","7,821","2,320",V-EXACT,V-EXACT,0.0000%,0.0000%,Intel Core i3-10305T @ 3.00GHz,4375,
i3-10105,"8,282","2,607","8,282","2,607",V-EXACT,V-EXACT,0.0000%,0.0000%,Intel Core i3-10105 @ 3.70GHz,4259,WATCHLIST:F_VARIANT_ANOMALY; WATCHLIST_ST:F_VARIANT_ANOMALY
i3-10105F,"8,860","2,644","8,860","2,643",V-EXACT,V-DRIFT,0.0000%,0.0378%,Intel Core i3-10105F @ 3.70GHz,4175,WATCHLIST:F_VARIANT_ANOMALY; WATCHLIST_ST:F_VARIANT_ANOMALY
i3-10105T,"7,801","2,355","7,801","2,355",V-EXACT,V-EXACT,0.0000%,0.0000%,Intel Core i3-10105T @ 3.00GHz,4401,
Pentium Gold G6605,"4,488","2,608","4,488","2,608",V-EXACT,V-EXACT,0.0000%,0.0000%,Intel Pentium Gold G6605 @ 4.30GHz,4461,
Pentium Gold G6505,"4,371","2,649","4,371","2,649",V-EXACT,V-EXACT,0.0000%,0.0000%,Intel Pentium Gold G6505 @ 4.20GHz,4467,
Pentium Gold G6505T,"3,698","2,271","3,698","2,271",V-EXACT,V-EXACT,0.0000%,0.0000%,Intel Pentium Gold G6505T @ 3.60GHz,5120,
Pentium Gold G6405,"3,852","2,297","3,853","2,298",V-DRIFT,V-DRIFT,0.0260%,0.0435%,Intel Pentium Gold G6405 @ 4.10GHz,4367,
Pentium Gold G6405T,"3,128","1,821","3,128","1,821",V-EXACT,V-EXACT,0.0000%,0.0000%,Intel Pentium Gold G6405T @ 3.50GHz,4368,
Celeron G5925,"2,879","2,246","2,879","2,246",V-EXACT,V-EXACT,0.0000%,0.0000%,Intel Celeron G5925 @ 3.60GHz,4421,
Celeron G5905,"2,769","2,149","2,769","2,149",V-EXACT,V-EXACT,0.0000%,0.0000%,Intel Celeron G5905 @ 3.50GHz,3848,
Celeron G5905T,"2,421","1,931","2,421","1,931",V-EXACT,V-EXACT,0.0000%,0.0000%,Intel Celeron G5905T @ 3.30GHz,4335,
i9-12900KS,"43,368","4,322","43,363","4,322",V-DRIFT,V-EXACT,0.0115%,0.0000%,Intel Core i9-12900KS,4813,WATCHLIST_ST:VALUE_COLLISION_SINGLE
i9-12900,"33,610","3,995","33,610","4,002",V-EXACT,V-DRIFT,0.0000%,0.1752%,Intel Core i9-12900,4729,WATCHLIST:F_VARIANT_ANOMALY; WATCHLIST_ST:F_VARIANT_ANOMALY
i9-12900F,"35,795","4,016","35,791","4,016",V-DRIFT,V-EXACT,0.0112%,0.0000%,Intel Core i9-12900F,4694,WATCHLIST:F_VARIANT_ANOMALY; WATCHLIST_ST:VALUE_COLLISION_SINGLE|F_VARIANT_ANOMALY
i9-12900T,"28,964","3,738","28,964","3,738",V-EXACT,V-EXACT,0.0000%,0.0000%,Intel Core i9-12900T,4710,
i9-13900K,"58,065","4,595","58,063","4,595",V-DRIFT,V-EXACT,0.0034%,0.0000%,Intel Core i9-13900K,5022,WATCHLIST:NEAR_IDENTICAL_OVERALL
i9-13900KF,"57,426","4,580","57,426","4,580",V-EXACT,V-EXACT,0.0000%,0.0000%,Intel Core i9-13900KF,5055,
i7-12700,"29,756","3,840","29,755","3,840",V-DRIFT,V-EXACT,0.0034%,0.0000%,Intel Core i7-12700,4669,
i7-12700F,"30,146","3,842","30,143","3,842",V-DRIFT,V-EXACT,0.0100%,0.0000%,Intel Core i7-12700F,4692,
i7-12700T,"21,140","3,465","21,140","3,563",V-EXACT,V-DRIFT,0.0000%,2.8283%,Intel Core i7-12700T,4830,
i7-13700K,"45,590","4,380","45,592","4,325",V-DRIFT,V-DRIFT,0.0044%,1.2557%,Intel Core i7-13700K,5060,
i7-13700KF,"45,525","4,375","45,525","4,329",V-EXACT,V-DRIFT,0.0000%,1.0514%,Intel Core i7-13700KF,5061,
i5-12600,"21,279","3,814","21,281","3,814",V-DRIFT,V-EXACT,0.0094%,0.0000%,Intel Core i5-12600,4688,
i5-12600T,"17,438","3,544","17,438","3,544",V-EXACT,V-EXACT,0.0000%,0.0000%,Intel Core i5-12600T,4784,
i5-12500,"19,682","3,645","19,681","3,644",V-DRIFT,V-DRIFT,0.0051%,0.0274%,Intel Core i5-12500,4675,
i5-12500T,"16,324","3,440","16,324","3,440",V-EXACT,V-EXACT,0.0000%,0.0000%,Intel Core i5-12500T,4804,
i5-12400,"18,824","3,466","18,824","3,466",V-EXACT,V-EXACT,0.0000%,0.0000%,Intel Core i5-12400,4677,
i5-12400F,"19,539","3,485","19,538","3,485",V-DRIFT,V-EXACT,0.0051%,0.0000%,Intel Core i5-12400F,4681,
i5-12400T,"15,558","3,333","15,558","3,333",V-EXACT,V-EXACT,0.0000%,0.0000%,Intel Core i5-12400T,4980,
i5-13600K,"37,441","4,110","37,439","4,110",V-DRIFT,V-EXACT,0.0053%,0.0000%,Intel Core i5-13600K,5008,
i5-13600KF,"37,304","4,111","37,305","4,111",V-DRIFT,V-EXACT,0.0027%,0.0000%,Intel Core i5-13600KF,5059,
i3-12300,"14,382","3,556","14,382","3,556",V-EXACT,V-EXACT,0.0000%,0.0000%,Intel Core i3-12300,4746,
i3-12300T,"13,077","3,363","13,077","3,363",V-EXACT,V-EXACT,0.0000%,0.0000%,Intel Core i3-12300T,5109,
i3-12100,"12,523","3,244","12,523","3,243",V-EXACT,V-DRIFT,0.0000%,0.0308%,Intel Core i3-12100,4687,WATCHLIST:F_VARIANT_ANOMALY; WATCHLIST_ST:F_VARIANT_ANOMALY
i3-12100F,"13,954","3,432","13,954","3,432",V-EXACT,V-EXACT,0.0000%,0.0000%,Intel Core i3-12100F,4670,WATCHLIST:F_VARIANT_ANOMALY; WATCHLIST_ST:F_VARIANT_ANOMALY
i3-12100T,"12,349","3,216","12,349","3,216",V-EXACT,V-EXACT,0.0000%,0.0000%,Intel Core i3-12100T,4802,
Pentium Gold G7400,"6,707","2,984","6,707","2,984",V-EXACT,V-EXACT,0.0000%,0.0000%,Intel Pentium Gold G7400,4732,WATCHLIST:NEAR_IDENTICAL_OVERALL; WATCHLIST_ST:VALUE_COLLISION_SINGLE
Pentium Gold G7400T,"5,274","2,348","5,274","2,348",V-EXACT,V-EXACT,0.0000%,0.0000%,Intel Pentium Gold G7400T,4882,
Celeron G6900,"4,475","2,669","4,472","2,666",V-DRIFT,V-DRIFT,0.0670%,0.1124%,Intel Celeron G6900,4709,
Celeron G6900T,"3,668","2,280","3,668","2,280",V-EXACT,V-EXACT,0.0000%,0.0000%,Intel Celeron G6900T,4927,
i9-13900KS,"60,385","4,715","60,385","4,715",V-EXACT,V-EXACT,0.0000%,0.0000%,Intel Core i9-13900KS,5160,
i9-13900,"44,552","4,350","44,552","4,281",V-EXACT,V-DRIFT,0.0000%,1.5862%,Intel Core i9-13900,5176,WATCHLIST:F_VARIANT_ANOMALY; WATCHLIST_ST:F_VARIANT_ANOMALY
i9-13900F,"48,071","4,398","48,071","4,398",V-EXACT,V-EXACT,0.0000%,0.0000%,Intel Core i9-13900F,5143,WATCHLIST:F_VARIANT_ANOMALY; WATCHLIST_ST:F_VARIANT_ANOMALY
i9-13900T,"42,839","4,050","42,839","4,168",V-EXACT,V-DRIFT,0.0000%,2.9136%,Intel Core i9-13900T,5154,
i9-14900K,"58,196","4,690","58,193","4,690",V-DRIFT,V-EXACT,0.0052%,0.0000%,Intel Core i9-14900K,5717,
i9-14900KF,"58,064","4,687","58,064","4,687",V-EXACT,V-EXACT,0.0000%,0.0000%,Intel Core i9-14900KF,5684,WATCHLIST:NEAR_IDENTICAL_OVERALL
i7-13700,"35,839","4,091","35,839","4,091",V-EXACT,V-EXACT,0.0000%,0.0000%,Intel Core i7-13700,4992,WATCHLIST:F_VARIANT_ANOMALY; WATCHLIST_ST:F_VARIANT_ANOMALY
i7-13700F,"37,739","4,140","37,738","4,118",V-DRIFT,V-DRIFT,0.0026%,0.5314%,Intel Core i7-13700F,5163,WATCHLIST:F_VARIANT_ANOMALY; WATCHLIST_ST:F_VARIANT_ANOMALY
i7-13700T,"27,224","3,804","27,224","3,804",V-EXACT,V-EXACT,0.0000%,0.0000%,Intel Core i7-13700T,5223,
i7-14700K,"51,919","4,454","51,920","4,454",V-DRIFT,V-EXACT,0.0019%,0.0000%,Intel Core i7-14700K,5719,WATCHLIST:SIBLING_SUFFIX_INVERSION; WATCHLIST_ST:SIBLING_SUFFIX_INVERSION
i7-14700KF,"51,925","4,450","51,927","4,466",V-DRIFT,V-DRIFT,0.0039%,0.3596%,Intel Core i7-14700KF,5723,WATCHLIST:SIBLING_SUFFIX_INVERSION; WATCHLIST_ST:SIBLING_SUFFIX_INVERSION
i5-13600,"31,048","4,021","31,048","4,021",V-EXACT,V-EXACT,0.0000%,0.0000%,Intel Core i5-13600,5159,
i5-13600T,"27,716","3,767","27,716","3,767",V-EXACT,V-EXACT,0.0000%,0.0000%,Intel Core i5-13600T,5175,
i5-13500,"30,729","3,853","30,729","3,853",V-EXACT,V-EXACT,0.0000%,0.0000%,Intel Core i5-13500,4993,
i5-13500T,"22,436","3,550","22,437","3,578",V-DRIFT,V-DRIFT,0.0045%,0.7887%,Intel Core i5-13500T,5239,
i5-13400,"23,893","3,584","23,890","3,584",V-DRIFT,V-EXACT,0.0126%,0.0000%,Intel Core i5-13400,4994,
i5-13400F,"24,877","3,628","24,877","3,629",V-EXACT,V-DRIFT,0.0000%,0.0276%,Intel Core i5-13400F,5166,
i5-13400T,"20,066","3,472","20,066","3,472",V-EXACT,V-EXACT,0.0000%,0.0000%,Intel Core i5-13400T,5328,
i5-14600K,"38,357","4,264","38,357","4,264",V-EXACT,V-EXACT,0.0000%,0.0000%,Intel Core i5-14600K,5720,
i5-14600KF,"38,231","4,250","38,232","4,252",V-DRIFT,V-DRIFT,0.0026%,0.0471%,Intel Core i5-14600KF,5722,
i3-13100,"14,099","3,538","14,097","3,538",V-DRIFT,V-EXACT,0.0142%,0.0000%,Intel Core i3-13100,5170,
i3-13100F,"14,651","3,599","14,651","3,599",V-EXACT,V-EXACT,0.0000%,0.0000%,Intel Core i3-13100F,5156,WATCHLIST:NEAR_IDENTICAL_OVERALL
i3-13100T,"12,738","3,359","12,738","3,359",V-EXACT,V-EXACT,0.0000%,0.0000%,Intel Core i3-13100T,5295,
Core Ultra 9 285K,"67,219","5,085","67,220","5,085",V-DRIFT,V-EXACT,0.0015%,0.0000%,Intel Core Ultra 9 285K,6296,
i9-14900KS,"59,858","4,807","59,854","4,807",V-DRIFT,V-EXACT,0.0067%,0.0000%,Intel Core i9-14900KS,5957,
i9-14900,"44,530","4,322","44,530","4,322",V-EXACT,V-EXACT,0.0000%,0.0000%,Intel Core i9-14900,5886,WATCHLIST_ST:VALUE_COLLISION_SINGLE
i9-14900F,"46,439","4,508","46,439","4,508",V-EXACT,V-EXACT,0.0000%,0.0000%,Intel Core i9-14900F,5833,
i9-14900T,"36,239","4,016","36,239","4,016",V-EXACT,V-EXACT,0.0000%,0.0000%,Intel Core i9-14900T,5903,WATCHLIST_ST:VALUE_COLLISION_SINGLE
Core Ultra 7 265K,"58,567","4,928","58,568","4,928",V-DRIFT,V-EXACT,0.0017%,0.0000%,Intel Core Ultra 7 265K,6326,
Core Ultra 7 265KF,"58,447","4,925","58,440","4,925",V-DRIFT,V-EXACT,0.0120%,0.0000%,Intel Core Ultra 7 265KF,6338,
i7-14700,"40,195","4,232","40,196","4,232",V-DRIFT,V-EXACT,0.0025%,0.0000%,Intel Core i7-14700,5852,
i7-14700F,"41,275","4,256","41,271","4,255",V-DRIFT,V-DRIFT,0.0097%,0.0235%,Intel Core i7-14700F,5834,
i7-14700T,"30,821","3,917","30,819","3,918",V-DRIFT,V-DRIFT,0.0065%,0.0255%,Intel Core i7-14700T,6112,WATCHLIST_ST:VALUE_COLLISION_SINGLE
Core Ultra 5 245K,"43,048","4,716","43,044","4,716",V-DRIFT,V-EXACT,0.0093%,0.0000%,Intel Core Ultra 5 245K,6324,
Core Ultra 5 245KF,"43,024","4,713","43,032","4,714",V-DRIFT,V-DRIFT,0.0186%,0.0212%,Intel Core Ultra 5 245KF,6336,
i5-14600,"35,803","4,161","35,803","4,161",V-EXACT,V-EXACT,0.0000%,0.0000%,Intel Core i5-14600,5865,
i5-14600T,"26,409","3,744","26,409","3,744",V-EXACT,V-EXACT,0.0000%,0.0000%,Intel Core i5-14600T,5994,
i5-14500,"30,706","3,948","30,706","3,948",V-EXACT,V-EXACT,0.0000%,0.0000%,Intel Core i5-14500,5835,
i5-14500T,"22,869","3,742","22,869","3,742",V-EXACT,V-EXACT,0.0000%,0.0000%,Intel Core i5-14500T,5889,
i5-14400,"25,032","3,740","25,037","3,741",V-DRIFT,V-DRIFT,0.0200%,0.0267%,Intel Core i5-14400,5868,
i5-14400F,"25,417","3,700","25,415","3,700",V-DRIFT,V-EXACT,0.0079%,0.0000%,Intel Core i5-14400F,5837,
i5-14400T,"20,358","3,511","20,358","3,511",V-EXACT,V-EXACT,0.0000%,0.0000%,Intel Core i5-14400T,6039,
i3-14100,"15,086","3,759","15,086","3,759",V-EXACT,V-EXACT,0.0000%,0.0000%,Intel Core i3-14100,5831,
i3-14100F,"15,403","3,775","15,399","3,775",V-DRIFT,V-EXACT,0.0260%,0.0000%,Intel Core i3-14100F,5853,
i3-14100T,"13,679","3,498","13,679","3,498",V-EXACT,V-EXACT,0.0000%,0.0000%,Intel Core i3-14100T,6134,
Intel Processor 300,"7,246","3,200","7,246","3,200",V-EXACT,V-EXACT,0.0000%,0.0000%,Intel 300,5862,
Intel Processor 300T,"5,627","2,702","5,627","2,702",V-EXACT,V-EXACT,0.0000%,0.0000%,Intel 300T,6472,
Core Ultra 9 285,"57,842","4,908","57,847","4,908",V-DRIFT,V-EXACT,0.0086%,0.0000%,Intel Core Ultra 9 285,6443,
Core Ultra 9 285T,"39,668","4,581","39,668","4,581",V-EXACT,V-EXACT,0.0000%,0.0000%,Intel Core Ultra 9 285T,6510,
Core Ultra 7 265,"49,684","4,694","49,684","4,695",V-EXACT,V-DRIFT,0.0000%,0.0213%,Intel Core Ultra 7 265,6423,WATCHLIST:SIBLING_SUFFIX_INVERSION; WATCHLIST_ST:SIBLING_SUFFIX_INVERSION
Core Ultra 7 265F,"49,500","4,756","49,497","4,756",V-DRIFT,V-EXACT,0.0061%,0.0000%,Intel Core Ultra 7 265F,6558,WATCHLIST:SIBLING_SUFFIX_INVERSION; WATCHLIST_ST:SIBLING_SUFFIX_INVERSION
Core Ultra 7 265T,"36,948","4,356","37,052","4,360",V-DRIFT,V-DRIFT,0.2815%,0.0918%,Intel Core Ultra 7 265T,6687,
Core Ultra 5 245,"39,104","4,438","39,104","4,438",V-EXACT,V-EXACT,0.0000%,0.0000%,Intel Core Ultra 5 245,6675,
Core Ultra 5 245T,"30,071","4,282","30,071","4,282",V-EXACT,V-EXACT,0.0000%,0.0000%,Intel Core Ultra 5 245T,6637,
Core Ultra 5 235,"36,294","4,381","36,316","4,382",V-DRIFT,V-DRIFT,0.0606%,0.0228%,Intel Core Ultra 5 235,6526,
Core Ultra 5 235T,"30,839","4,344","30,841","4,345",V-DRIFT,V-DRIFT,0.0065%,0.0230%,Intel Core Ultra 5 235T,6650,
Core Ultra 5 225,"30,309","4,411","30,310","4,409",V-DRIFT,V-DRIFT,0.0033%,0.0453%,Intel Core Ultra 5 225,6469,
Core Ultra 5 225F,"30,938","4,399","30,935","4,396",V-DRIFT,V-DRIFT,0.0097%,0.0682%,Intel Core Ultra 5 225F,6457,
