CPU Model,Passmark (Overall),Passmark (Single Thread)
i9-9900KS,"19,345","3,025"
i9-9900KF,"17,992","2,899"
i9-9900,"16,276","2,796"
i9-9900T,"13,044","2,453"
i9-10980XE,"31,932","2,658"
i9-10940X,"27,636","2,662"
i9-10920X,"25,720","2,705"
i9-10900X,"22,266","2,663"
i7-9700KF,"14,244","2,853"
i7-9700F,"13,160","2,734"
i7-9700,"13,172","2,743"
i7-9700T,"10,575","2,417"
i5-9600KF,"10,642","2,709"
i5-9600T,"9,571","2,416"
i5-9500,"9,844","2,566"
i5-9500F,"9,972","2,569"
i5-9500T,"8,027","2,110"
i5-9400,"9,352","2,412"
i5-9400F,"9,461","2,420"
i5-9400T,"8,103","2,059"
i3-9350KF,"7,482","2,681"
i3-9350K,"7,596","2,731"
i3-9320,"7,358","2,711"
i3-9300,"7,070","2,533"
i3-9300T,"6,328","2,303"
i3-9100,"6,624","2,467"
i3-9100F,"6,704","2,480"
i3-9100T,"5,633","2,116"
Pentium Gold G5620,"4,251","2,443"
Pentium Gold G5600T,"3,496","2,000"
Pentium Gold G5420,"3,749","2,205"
Pentium Gold G5420T,"3,330","1,899"
Celeron G4950,"2,714","2,041"
Celeron G4930,"2,502","1,896"
Celeron G4930T,"2,287","1,773"
i9-10900K,"22,218","3,106"
i9-10900KF,"22,132","3,119"
i9-10900,"19,053","2,984"
i9-10900F,"19,675","3,025"
i9-10900T,"14,714","2,519"
i9-10850K,"21,859","3,066"
i7-10700K,"18,488","3,035"
i7-10700KF,"18,273","3,021"
i7-10700,"15,972","2,879"
i7-10700F,"16,086","2,870"
i7-10700T,"12,823","2,567"
i5-10600K,"14,244","2,910"
i5-10600KF,"14,110","2,905"
i5-10600,"13,524","2,907"
i5-10600T,"11,519","2,464"
i5-10500,"12,889","2,779"
i5-10500T,"10,237","2,284"
i5-10400,"11,962","2,556"
i5-10400F,"12,091","2,540"
i5-10400T,"9,778","2,126"
i3-10320,"9,937","2,824"
i3-10300,"9,295","2,681"
i3-10300T,"7,876","2,291"
i3-10100,"8,473","2,586"
i3-10100F,"8,702","2,579"
i3-10100T,"7,343","2,254"
Pentium Gold G6600,"4,223","2,513"
Pentium Gold G6500,"4,210","2,463"
Pentium Gold G6500T,"3,764","2,227"
Pentium Gold G6400,"4,065","2,430"
Pentium Gold G6400T,"3,565","2,102"
Celeron G5920,"2,667","2,141"
Celeron G5900,"2,662","2,089"
Celeron G5900T,"2,192","1,713"
i9-11900K,"24,890","3,501"
i9-11900KF,"24,494","3,514"
i9-11900,"22,340","3,372"
i9-11900F,"22,027","3,418"
i9-11900T,"18,349","3,241"
i9-12900K,"41,099","4,128"
i9-12900KF,"40,462","4,118"
i7-11700K,"24,313","3,385"
i7-11700KF,"23,735","3,360"
i7-11700,"20,588","3,256"
i7-11700F,"20,751","3,250"
i7-11700T,"15,187","2,849"
i7-12700K,"34,240","4,003"
i7-12700KF,"33,912","3,979"
i5-11600K,"19,475","3,335"
i5-11600KF,"19,389","3,327"
i5-11600,"17,950","3,281"
i5-11600T,"14,649","2,762"
i5-11500,"17,057","3,131"
i5-11500T,"12,771","2,534"
i5-11400,"16,624","2,982"
i5-11400F,"16,867","2,979"
i5-11400T,"13,067","2,483"
i5-12600K,"27,500","3,917"
i5-12600KF,"27,501","3,916"
i3-10325,"10,099","2,866"
i3-10305,"9,210","2,765"
i3-10305T,"7,821","2,320"
i3-10105,"8,282","2,607"
i3-10105F,"8,860","2,644"
i3-10105T,"7,801","2,355"
Pentium Gold G6605,"4,488","2,608"
Pentium Gold G6505,"4,371","2,649"
Pentium Gold G6505T,"3,698","2,271"
Pentium Gold G6405,"3,852","2,297"
Pentium Gold G6405T,"3,128","1,821"
Celeron G5925,"2,879","2,246"
Celeron G5905,"2,769","2,149"
Celeron G5905T,"2,421","1,931"
i9-12900KS,"43,368","4,322"
i9-12900,"33,610","3,995"
i9-12900F,"35,795","4,016"
i9-12900T,"28,964","3,738"
i9-13900K,"58,065","4,595"
i9-13900KF,"57,426","4,580"
i7-12700,"29,756","3,840"
i7-12700F,"30,146","3,842"
i7-12700T,"21,140","3,465"
i7-13700K,"45,590","4,380"
i7-13700KF,"45,525","4,375"
i5-12600,"21,279","3,814"
i5-12600T,"17,438","3,544"
i5-12500,"19,682","3,645"
i5-12500T,"16,324","3,440"
i5-12400,"18,824","3,466"
i5-12400F,"19,539","3,485"
i5-12400T,"15,558","3,333"
i5-13600K,"37,441","4,110"
i5-13600KF,"37,304","4,111"
i3-12300,"14,382","3,556"
i3-12300T,"13,077","3,363"
i3-12100,"12,523","3,244"
i3-12100F,"13,954","3,432"
i3-12100T,"12,349","3,216"
Pentium Gold G7400,"6,707","2,984"
Pentium Gold G7400T,"5,274","2,348"
Celeron G6900,"4,475","2,669"
Celeron G6900T,"3,668","2,280"
i9-13900KS,"60,385","4,715"
i9-13900,"44,552","4,350"
i9-13900F,"48,071","4,398"
i9-13900T,"42,839","4,050"
i9-14900K,"58,196","4,690"
i9-14900KF,"58,064","4,687"
i7-13700,"35,839","4,091"
i7-13700F,"37,739","4,140"
i7-13700T,"27,224","3,804"
i7-14700K,"51,919","4,454"
i7-14700KF,"51,925","4,450"
i5-13600,"31,048","4,021"
i5-13600T,"27,716","3,767"
i5-13500,"30,729","3,853"
i5-13500T,"22,436","3,550"
i5-13400,"23,893","3,584"
i5-13400F,"24,877","3,628"
i5-13400T,"20,066","3,472"
i5-14600K,"38,357","4,264"
i5-14600KF,"38,231","4,250"
i3-13100,"14,099","3,538"
i3-13100F,"14,651","3,599"
i3-13100T,"12,738","3,359"
Core Ultra 9 285K,"67,219","5,085"
i9-14900KS,"59,858","4,807"
i9-14900,"44,530","4,322"
i9-14900F,"46,439","4,508"
i9-14900T,"36,239","4,016"
Core Ultra 7 265K,"58,567","4,928"
Core Ultra 7 265KF,"58,447","4,925"
i7-14700,"40,195","4,232"
i7-14700F,"41,275","4,256"
i7-14700T,"30,821","3,917"
Core Ultra 5 245K,"43,048","4,716"
Core Ultra 5 245KF,"43,024","4,713"
i5-14600,"35,803","4,161"
i5-14600T,"26,409","3,744"
i5-14500,"30,706","3,948"
i5-14500T,"22,869","3,742"
i5-14400,"25,032","3,740"
i5-14400F,"25,417","3,700"
i5-14400T,"20,358","3,511"
i3-14100,"15,086","3,759"
i3-14100F,"15,403","3,775"
i3-14100T,"13,679","3,498"
Intel Processor 300,"7,246","3,200"
Intel Processor 300T,"5,627","2,702"
Core Ultra 9 285,"57,842","4,908"
Core Ultra 9 285T,"39,668","4,581"
Core Ultra 7 265,"49,684","4,694"
Core Ultra 7 265F,"49,500","4,756"
Core Ultra 7 265T,"36,948","4,356"
Core Ultra 5 245,"39,104","4,438"
Core Ultra 5 245T,"30,071","4,282"
Core Ultra 5 235,"36,294","4,381"
Core Ultra 5 235T,"30,839","4,344"
Core Ultra 5 225,"30,309","4,411"
Core Ultra 5 225F,"30,938","4,399"